[
  {
    "model": "SayaraApi.image",
    "pk": 1,
    "fields": {
      "date_created": "2019-08-27T15:17:46Z",
      "date_modified": "2019-08-27T15:17:46Z",
      "date_removed": null,
      "image": "images/vehicules/3185_rHiwLYu.png"
    }
  },
  {
    "model": "SayaraApi.image",
    "pk": 2,
    "fields": {
      "date_created": "2019-08-27T15:25:33Z",
      "date_modified": "2019-08-27T15:25:33Z",
      "date_removed": null,
      "image": "images/vehicules/3290.png"
    }
  },
  {
    "model": "SayaraApi.image",
    "pk": 3,
    "fields": {
      "date_created": "2019-08-27T15:33:14Z",
      "date_modified": "2019-08-27T15:33:14Z",
      "date_removed": null,
      "image": "images/vehicules/3230_ZwwiwtH.png"
    }
  },
  {
    "model": "SayaraApi.image",
    "pk": 4,
    "fields": {
      "date_created": "2019-08-27T22:23:57Z",
      "date_modified": "2019-08-27T22:23:57Z",
      "date_removed": null,
      "image": "images/vehicules/2803.png"
    }
  },
  {
    "model": "SayaraApi.image",
    "pk": 5,
    "fields": {
      "date_created": "2019-08-27T22:26:43Z",
      "date_modified": "2019-08-27T22:26:43Z",
      "date_removed": null,
      "image": "images/vehicules/2720.png"
    }
  },
  {
    "model": "SayaraApi.marque",
    "pk": 1,
    "fields": {
      "date_created": "2019-08-27T15:06:10Z",
      "date_modified": "2019-08-27T15:06:10Z",
      "date_removed": null,
      "nom": "BMW",
      "image": "marque/images/BMW_logo.png"
    }
  },
  {
    "model": "SayaraApi.marque",
    "pk": 2,
    "fields": {
      "date_created": "2019-08-27T15:06:10Z",
      "date_modified": "2019-08-27T15:06:10Z",
      "date_removed": null,
      "nom": "Audi",
      "image": "marque/images/audi_logo.png"
    }
  },
  {
    "model": "SayaraApi.marque",
    "pk": 3,
    "fields": {
      "date_created": "2019-08-27T15:06:10Z",
      "date_modified": "2019-08-27T15:06:10Z",
      "date_removed": null,
      "nom": "Mercedes-Benz",
      "image": "marque/images/mercedes_logo.png"
    }
  },
  {
    "model": "SayaraApi.marque",
    "pk": 4,
    "fields": {
      "date_created": "2019-08-27T15:06:10Z",
      "date_modified": "2019-08-27T15:06:10Z",
      "date_removed": null,
      "nom": "Honda",
      "image": "marque/images/honda_logo.png"
    }
  },
  {
    "model": "SayaraApi.marque",
    "pk": 5,
    "fields": {
      "date_created": "2019-08-27T15:06:10Z",
      "date_modified": "2019-08-27T15:06:10Z",
      "date_removed": null,
      "nom": "Renault",
      "image": "marque/images/renault_logo.png"
    }
  },
  {
    "model": "SayaraApi.marque",
    "pk": 6,
    "fields": {
      "date_created": "2019-08-27T15:06:10.218Z",
      "date_modified": "2019-08-27T15:06:10.218Z",
      "date_removed": null,
      "nom": "Nissan",
      "image": "marque/images/"
    }
  },
  {
    "model": "SayaraApi.marque",
    "pk": 9,
    "fields": {
      "date_created": "2019-08-27T15:06:10.218Z",
      "date_modified": "2019-08-27T15:06:10.218Z",
      "date_removed": null,
      "nom": "Nissan",
      "image": "marque/images/"
    }
  },
  {
    "model": "SayaraApi.marque",
    "pk": 10,
    "fields": {
      "date_created": "2019-08-27T15:06:10Z",
      "date_modified": "2019-08-27T15:06:10Z",
      "date_removed": null,
      "nom": "Kia",
      "image": "marque/images/kia_logo.png"
    }
  },
  {
    "model": "SayaraApi.marque",
    "pk": 17,
    "fields": {
      "date_created": "2019-08-27T15:06:10Z",
      "date_modified": "2019-08-27T15:06:10Z",
      "date_removed": null,
      "nom": "Chevrolet",
      "image": "marque/images/Chevrolet_logo.png"
    }
  },
  {
    "model": "SayaraApi.marque",
    "pk": 20,
    "fields": {
      "date_created": "2019-08-27T15:06:10Z",
      "date_modified": "2019-08-27T15:06:10Z",
      "date_removed": null,
      "nom": "Peugeot",
      "image": "marque/images/Peugeot_logo.png"
    }
  },
  {
    "model": "SayaraApi.marque",
    "pk": 21,
    "fields": {
      "date_created": "2019-08-27T15:06:10Z",
      "date_modified": "2019-08-27T15:06:10Z",
      "date_removed": null,
      "nom": "Renault",
      "image": "marque/images/renault_logo.png"
    }
  },
  {
    "model": "SayaraApi.marque",
    "pk": 22,
    "fields": {
      "date_created": "2019-08-27T15:06:41Z",
      "date_modified": "2019-08-27T15:06:41Z",
      "date_removed": null,
      "nom": "Volkswagen",
      "image": "marque/images/volkswagen_logo.png"
    }
  },
  {
    "model": "SayaraApi.refversion",
    "pk": "Allure",
    "fields": {
      "date_created": "2019-08-27T15:06:10.230Z",
      "date_modified": "2019-08-27T15:06:10.230Z",
      "date_removed": null
    }
  },
  {
    "model": "SayaraApi.refversion",
    "pk": "Carat",
    "fields": {
      "date_created": "2019-08-29T12:49:27Z",
      "date_modified": "2019-08-29T12:49:27Z",
      "date_removed": null
    }
  },
  {
    "model": "SayaraApi.refversion",
    "pk": "g7memphis",
    "fields": {
      "date_created": "2019-08-27T15:24:17Z",
      "date_modified": "2019-08-27T15:24:17Z",
      "date_removed": null
    }
  },
  {
    "model": "SayaraApi.refversion",
    "pk": "GTLine",
    "fields": {
      "date_created": "2019-08-27T15:06:10.230Z",
      "date_modified": "2019-08-27T15:06:10.230Z",
      "date_removed": null
    }
  },
  {
    "model": "SayaraApi.refversion",
    "pk": "Memphis",
    "fields": {
      "date_created": "2019-08-27T15:24:17Z",
      "date_modified": "2019-08-27T15:24:17Z",
      "date_removed": null
    }
  },
  {
    "model": "SayaraApi.refversion",
    "pk": "RLine",
    "fields": {
      "date_created": "2019-08-27T15:06:10.230Z",
      "date_modified": "2019-08-27T15:06:10.230Z",
      "date_removed": null
    }
  },
  {
    "model": "SayaraApi.refversion",
    "pk": "SLine",
    "fields": {
      "date_created": "2019-08-27T15:06:10.230Z",
      "date_modified": "2019-08-27T15:06:10.230Z",
      "date_removed": null
    }
  },
  {
    "model": "SayaraApi.refversion",
    "pk": "Sport",
    "fields": {
      "date_created": "2019-08-27T15:06:10.230Z",
      "date_modified": "2019-08-27T15:06:10.230Z",
      "date_removed": null
    }
  },
  {
    "model": "SayaraApi.refversion",
    "pk": "start+",
    "fields": {
      "date_created": "2019-08-27T15:17:17Z",
      "date_modified": "2019-08-27T15:17:17Z",
      "date_removed": null
    }
  },
  {
    "model": "SayaraApi.refversion",
    "pk": "Tech Vision",
    "fields": {
      "date_created": "2019-08-27T15:32:07Z",
      "date_modified": "2019-08-27T15:32:07Z",
      "date_removed": null
    }
  },
  {
    "model": "SayaraApi.refversion",
    "pk": "TT",
    "fields": {
      "date_created": "2019-08-27T15:06:10.230Z",
      "date_modified": "2019-08-27T15:06:10.230Z",
      "date_removed": null
    }
  },
  {
    "model": "SayaraApi.refversion",
    "pk": "Visia",
    "fields": {
      "date_created": "2019-08-27T22:16:35Z",
      "date_modified": "2019-08-27T22:16:35Z",
      "date_removed": null
    }
  },
  {
    "model": "SayaraApi.refversion",
    "pk": "Visia+",
    "fields": {
      "date_created": "2019-08-27T22:16:35Z",
      "date_modified": "2019-08-27T22:16:35Z",
      "date_removed": null
    }
  },
  {
    "model": "SayaraApi.version",
    "pk": "208techvision",
    "fields": {
      "date_created": "2019-08-27T15:46:06Z",
      "date_modified": "2019-08-27T15:46:06Z",
      "date_removed": null,
      "ref": "Tech Vision",
      "modele": 1,
      "prix_base": 27090,
      "ficheTechnique": 2,
      "image1": "images/vehicules/voiture.jpg",
      "image2": "images/vehicules/voiture.jpg",
      "image3": "images/vehicules/voiture.jpg",
      "options": [
        "codeop1",
        "zzzz"
      ],
      "couleur": [
        6,
        11
      ]
    }
  },
  {
    "model": "SayaraApi.version",
    "pk": "g7memphis",
    "fields": {
      "date_created": "2019-08-27T15:24:01Z",
      "date_modified": "2019-08-27T15:24:01Z",
      "date_removed": null,
      "ref": "Memphis",
      "modele": 2,
      "prix_base": 325,
      "ficheTechnique": 1,
      "image1": "images/vehicules/voiture.jpg",
      "image2": "images/vehicules/voiture.jpg",
      "image3": "images/vehicules/voiture.jpg",
      "options": [],
      "couleur": [
        1,
        2,
        3,
        4,
        5
      ]
    }
  },
  {
    "model": "SayaraApi.version",
    "pk": "g7startp",
    "fields": {
      "date_created": "2019-08-27T15:15:07Z",
      "date_modified": "2019-08-27T15:15:07Z",
      "date_removed": null,
      "ref": "start+",
      "modele": 2,
      "prix_base": 330,
      "ficheTechnique": 1,
      "image1": "images/vehicules/golf7_iIuIjCJ.png",
      "image2": "images/vehicules/voiture.jpg",
      "image3": "images/vehicules/voiture.jpg",
      "options": [
        "codeop1",
        "#GA2"
      ],
      "couleur": [
        1,
        2,
        3,
        4,
        5
      ]
    }
  },
  {
    "model": "SayaraApi.version",
    "pk": "micravisia",
    "fields": {
      "date_created": "2019-08-27T22:16:00Z",
      "date_modified": "2019-08-27T22:16:00Z",
      "date_removed": null,
      "ref": "Visia+",
      "modele": 7,
      "prix_base": 199,
      "ficheTechnique": 3,
      "image1": "images/vehicules/voiture.jpg",
      "image2": "images/vehicules/voiture.jpg",
      "image3": "images/vehicules/voiture.jpg",
      "options": [],
      "couleur": [
        7,
        8
      ]
    }
  },
  {
    "model": "SayaraApi.version",
    "pk": "sunnyvisia",
    "fields": {
      "date_created": "2019-08-27T22:24:31Z",
      "date_modified": "2019-08-27T22:24:31Z",
      "date_removed": null,
      "ref": "Visia",
      "modele": 8,
      "prix_base": 220,
      "ficheTechnique": 4,
      "image1": "images/vehicules/voiture.jpg",
      "image2": "images/vehicules/voiture.jpg",
      "image3": "images/vehicules/voiture.jpg",
      "options": [],
      "couleur": [
        9,
        10
      ]
    }
  },
  {
    "model": "SayaraApi.refmodele",
    "pk": 31,
    "fields": {
      "date_created": "2019-08-27T15:06:10.238Z",
      "date_modified": "2019-08-27T15:06:10.238Z",
      "date_removed": null,
      "nom": "301",
      "marque": 20
    }
  },
  {
    "model": "SayaraApi.refmodele",
    "pk": 32,
    "fields": {
      "date_created": "2019-08-27T15:06:10.242Z",
      "date_modified": "2019-08-27T15:06:10.242Z",
      "date_removed": null,
      "nom": "308",
      "marque": 20
    }
  },
  {
    "model": "SayaraApi.refmodele",
    "pk": 33,
    "fields": {
      "date_created": "2019-08-27T15:06:10.242Z",
      "date_modified": "2019-08-27T15:06:10.242Z",
      "date_removed": null,
      "nom": "A7",
      "marque": 2
    }
  },
  {
    "model": "SayaraApi.refmodele",
    "pk": 34,
    "fields": {
      "date_created": "2019-08-27T15:11:41Z",
      "date_modified": "2019-08-27T15:11:41Z",
      "date_removed": null,
      "nom": "208Modlee",
      "marque": 20
    }
  },
  {
    "model": "SayaraApi.refmodele",
    "pk": 35,
    "fields": {
      "date_created": "2019-08-27T15:11:52Z",
      "date_modified": "2019-08-27T15:11:52Z",
      "date_removed": null,
      "nom": "Golf 7",
      "marque": 22
    }
  },
  {
    "model": "SayaraApi.refmodele",
    "pk": 36,
    "fields": {
      "date_created": "2019-08-27T15:12:02Z",
      "date_modified": "2019-08-27T15:12:02Z",
      "date_removed": null,
      "nom": "Polo",
      "marque": 22
    }
  },
  {
    "model": "SayaraApi.refmodele",
    "pk": 37,
    "fields": {
      "date_created": "2019-08-27T15:12:23Z",
      "date_modified": "2019-08-27T15:12:23Z",
      "date_removed": null,
      "nom": "Caddy",
      "marque": 22
    }
  },
  {
    "model": "SayaraApi.refmodele",
    "pk": 38,
    "fields": {
      "date_created": "2019-08-27T15:13:15Z",
      "date_modified": "2019-08-27T15:13:15Z",
      "date_removed": null,
      "nom": "Passat",
      "marque": 22
    }
  },
  {
    "model": "SayaraApi.refmodele",
    "pk": 39,
    "fields": {
      "date_created": "2019-08-27T15:13:37Z",
      "date_modified": "2019-08-27T15:13:37Z",
      "date_removed": null,
      "nom": "Tiguan",
      "marque": 22
    }
  },
  {
    "model": "SayaraApi.refmodele",
    "pk": 40,
    "fields": {
      "date_created": "2019-08-27T22:14:21Z",
      "date_modified": "2019-08-27T22:14:21Z",
      "date_removed": null,
      "nom": "Micra",
      "marque": 9
    }
  },
  {
    "model": "SayaraApi.refmodele",
    "pk": 41,
    "fields": {
      "date_created": "2019-08-27T22:14:45Z",
      "date_modified": "2019-08-27T22:14:45Z",
      "date_removed": null,
      "nom": "Sunny",
      "marque": 6
    }
  },
  {
    "model": "SayaraApi.refmodele",
    "pk": 42,
    "fields": {
      "date_created": "2019-09-11T11:34:20.672Z",
      "date_modified": "2019-09-11T11:34:20.672Z",
      "date_removed": null,
      "nom": "Test test add",
      "marque": 22
    }
  },
  {
    "model": "SayaraApi.refmodele",
    "pk": 78,
    "fields": {
      "date_created": "2019-09-14T20:48:12.350Z",
      "date_modified": "2019-09-14T20:48:12.350Z",
      "date_removed": null,
      "nom": "modele_test",
      "marque": 22
    }
  },
  {
    "model": "SayaraApi.refmodele",
    "pk": 79,
    "fields": {
      "date_created": "2019-09-14T20:53:39.642Z",
      "date_modified": "2019-09-14T20:53:39.642Z",
      "date_removed": null,
      "nom": "testadd",
      "marque": 22
    }
  },
  {
    "model": "SayaraApi.refmodele",
    "pk": 80,
    "fields": {
      "date_created": "2019-09-15T13:53:54.277Z",
      "date_modified": "2019-09-15T13:53:54.278Z",
      "date_removed": null,
      "nom": "208 modele",
      "marque": 22
    }
  },
  {
    "model": "SayaraApi.modele",
    "pk": 1,
    "fields": {
      "date_created": "2019-08-26T13:01:29Z",
      "date_modified": "2019-08-26T13:01:29Z",
      "date_removed": null,
      "code": "7788",
      "ref": 34,
      "image": "images/vehicules/3230.png"
    }
  },
  {
    "model": "SayaraApi.modele",
    "pk": 2,
    "fields": {
      "date_created": "2019-08-26T13:05:15Z",
      "date_modified": "2019-08-26T13:05:15Z",
      "date_removed": null,
      "code": "000001",
      "ref": 35,
      "image": "images/vehicules/golf7.png"
    }
  },
  {
    "model": "SayaraApi.modele",
    "pk": 3,
    "fields": {
      "date_created": "2019-08-26T13:08:51Z",
      "date_modified": "2019-08-26T13:08:51Z",
      "date_removed": null,
      "code": "000000002",
      "ref": 36,
      "image": "images/vehicules/3208.png"
    }
  },
  {
    "model": "SayaraApi.modele",
    "pk": 4,
    "fields": {
      "date_created": "2019-08-26T13:10:24Z",
      "date_modified": "2019-08-26T13:10:24Z",
      "date_removed": null,
      "code": "00000003",
      "ref": 37,
      "image": "images/vehicules/3191.png"
    }
  },
  {
    "model": "SayaraApi.modele",
    "pk": 5,
    "fields": {
      "date_created": "2019-08-26T13:11:06Z",
      "date_modified": "2019-08-26T13:11:06Z",
      "date_removed": null,
      "code": "0000004",
      "ref": 38,
      "image": "images/vehicules/3235.png"
    }
  },
  {
    "model": "SayaraApi.modele",
    "pk": 6,
    "fields": {
      "date_created": "2019-08-26T13:11:28Z",
      "date_modified": "2019-08-26T13:11:29Z",
      "date_removed": null,
      "code": "00000005",
      "ref": 39,
      "image": "images/vehicules/3233.png"
    }
  },
  {
    "model": "SayaraApi.modele",
    "pk": 7,
    "fields": {
      "date_created": "2019-08-27T22:14:00Z",
      "date_modified": "2019-08-27T22:14:00Z",
      "date_removed": null,
      "code": "nmicra",
      "ref": 40,
      "image": "images/vehicules/voiture.jpg"
    }
  },
  {
    "model": "SayaraApi.modele",
    "pk": 8,
    "fields": {
      "date_created": "2019-08-27T22:14:37Z",
      "date_modified": "2019-08-27T22:14:37Z",
      "date_removed": null,
      "code": "nsunny",
      "ref": 41,
      "image": "images/vehicules/voiture.jpg"
    }
  },
  {
    "model": "SayaraApi.modele",
    "pk": 42,
    "fields": {
      "date_created": "2019-09-14T20:48:12.354Z",
      "date_modified": "2019-09-14T20:48:12.354Z",
      "date_removed": null,
      "code": "1233",
      "ref": 78,
      "image": "images/vehicules/voiture.jpg"
    }
  },
  {
    "model": "SayaraApi.fabricant",
    "pk": 1,
    "fields": {
      "date_created": "2019-08-27T15:06:10.238Z",
      "date_modified": "2019-08-27T15:06:10.238Z",
      "date_removed": null,
      "nom": "BMW -FAB",
      "marque": 1
    }
  },
  {
    "model": "SayaraApi.fabricant",
    "pk": 2,
    "fields": {
      "date_created": "2019-08-27T15:06:10.238Z",
      "date_modified": "2019-08-27T15:06:10.238Z",
      "date_removed": null,
      "nom": "AUDI-FAB",
      "marque": 2
    }
  },
  {
    "model": "SayaraApi.fabricant",
    "pk": 3,
    "fields": {
      "date_created": "2019-08-27T15:06:10.238Z",
      "date_modified": "2019-08-27T15:06:10.238Z",
      "date_removed": null,
      "nom": "Mercedes -FAB",
      "marque": 3
    }
  },
  {
    "model": "SayaraApi.fabricant",
    "pk": 4,
    "fields": {
      "date_created": "2019-08-29T12:52:21Z",
      "date_modified": "2019-08-29T12:52:21Z",
      "date_removed": null,
      "nom": "VW-FAB",
      "marque": 22
    }
  },
  {
    "model": "SayaraApi.refcouleur",
    "pk": 14,
    "fields": {
      "date_created": "2019-08-27T15:06:10.234Z",
      "date_modified": "2019-08-27T15:06:10.234Z",
      "date_removed": null,
      "nom": "Bleu"
    }
  },
  {
    "model": "SayaraApi.refcouleur",
    "pk": 15,
    "fields": {
      "date_created": "2019-08-27T15:06:10.234Z",
      "date_modified": "2019-08-27T15:06:10.234Z",
      "date_removed": null,
      "nom": "Rouge"
    }
  },
  {
    "model": "SayaraApi.refcouleur",
    "pk": 16,
    "fields": {
      "date_created": "2019-08-27T15:06:10.234Z",
      "date_modified": "2019-08-27T15:06:10.234Z",
      "date_removed": null,
      "nom": "Violet"
    }
  },
  {
    "model": "SayaraApi.refcouleur",
    "pk": 17,
    "fields": {
      "date_created": "2019-08-27T15:06:10.234Z",
      "date_modified": "2019-08-27T15:06:10.234Z",
      "date_removed": null,
      "nom": "Gris"
    }
  },
  {
    "model": "SayaraApi.refcouleur",
    "pk": 18,
    "fields": {
      "date_created": "2019-08-27T15:06:10.234Z",
      "date_modified": "2019-08-27T15:06:10.234Z",
      "date_removed": null,
      "nom": "Noir"
    }
  },
  {
    "model": "SayaraApi.refcouleur",
    "pk": 19,
    "fields": {
      "date_created": "2019-08-27T15:06:10.234Z",
      "date_modified": "2019-08-27T15:06:10.234Z",
      "date_removed": null,
      "nom": "Blanc"
    }
  },
  {
    "model": "SayaraApi.refcouleur",
    "pk": 20,
    "fields": {
      "date_created": "2019-08-27T15:18:47Z",
      "date_modified": "2019-08-27T15:18:47Z",
      "date_removed": null,
      "nom": "Blanc Pur"
    }
  },
  {
    "model": "SayaraApi.refcouleur",
    "pk": 21,
    "fields": {
      "date_created": "2019-08-27T15:19:55Z",
      "date_modified": "2019-08-27T15:19:55Z",
      "date_removed": null,
      "nom": "White Silver"
    }
  },
  {
    "model": "SayaraApi.refcouleur",
    "pk": 22,
    "fields": {
      "date_created": "2019-08-27T15:20:29Z",
      "date_modified": "2019-08-27T15:20:29Z",
      "date_removed": null,
      "nom": "Gris Tungsten"
    }
  },
  {
    "model": "SayaraApi.refcouleur",
    "pk": 23,
    "fields": {
      "date_created": "2019-08-27T15:20:51Z",
      "date_modified": "2019-08-27T15:20:51Z",
      "date_removed": null,
      "nom": "Noir Intense"
    }
  },
  {
    "model": "SayaraApi.refcouleur",
    "pk": 24,
    "fields": {
      "date_created": "2019-08-27T15:21:30Z",
      "date_modified": "2019-08-27T15:21:30Z",
      "date_removed": null,
      "nom": "Bleu Atlantique"
    }
  },
  {
    "model": "SayaraApi.refcouleur",
    "pk": 25,
    "fields": {
      "date_created": "2019-09-14T21:31:18Z",
      "date_modified": "2019-09-14T21:31:18Z",
      "date_removed": null,
      "nom": "Jaune"
    }
  },
  {
    "model": "SayaraApi.refcouleur",
    "pk": 28,
    "fields": {
      "date_created": "2019-09-15T15:07:04.911Z",
      "date_modified": "2019-09-15T15:07:04.911Z",
      "date_removed": null,
      "nom": "couleurnoire"
    }
  },
  {
    "model": "SayaraApi.refcouleur",
    "pk": 29,
    "fields": {
      "date_created": "2019-09-15T15:17:46.258Z",
      "date_modified": "2019-09-15T15:17:46.258Z",
      "date_removed": null,
      "nom": "blanc"
    }
  },
  {
    "model": "SayaraApi.couleur",
    "pk": 1,
    "fields": {
      "date_created": "2019-08-27T15:18:34Z",
      "date_modified": "2019-08-27T15:18:34Z",
      "date_removed": null,
      "code": "b01",
      "ref": 20,
      "modele": 2
    }
  },
  {
    "model": "SayaraApi.couleur",
    "pk": 2,
    "fields": {
      "date_created": "2019-08-27T15:19:43Z",
      "date_modified": "2019-08-27T15:19:43Z",
      "date_removed": null,
      "code": "b02",
      "ref": 21,
      "modele": 2
    }
  },
  {
    "model": "SayaraApi.couleur",
    "pk": 3,
    "fields": {
      "date_created": "2019-08-27T15:20:15Z",
      "date_modified": "2019-08-27T15:20:15Z",
      "date_removed": null,
      "code": "G01",
      "ref": 22,
      "modele": 2
    }
  },
  {
    "model": "SayaraApi.couleur",
    "pk": 4,
    "fields": {
      "date_created": "2019-08-27T15:20:46Z",
      "date_modified": "2019-08-27T15:20:46Z",
      "date_removed": null,
      "code": "N01",
      "ref": 23,
      "modele": 2
    }
  },
  {
    "model": "SayaraApi.couleur",
    "pk": 5,
    "fields": {
      "date_created": "2019-08-27T15:21:05Z",
      "date_modified": "2019-08-27T15:21:05Z",
      "date_removed": null,
      "code": "E01",
      "ref": 24,
      "modele": 2
    }
  },
  {
    "model": "SayaraApi.couleur",
    "pk": 6,
    "fields": {
      "date_created": "2019-08-27T15:49:11Z",
      "date_modified": "2019-08-27T15:49:11Z",
      "date_removed": null,
      "code": "g28",
      "ref": 17,
      "modele": 1
    }
  },
  {
    "model": "SayaraApi.couleur",
    "pk": 7,
    "fields": {
      "date_created": "2019-08-27T22:22:56Z",
      "date_modified": "2019-08-27T22:22:56Z",
      "date_removed": null,
      "code": "nb1",
      "ref": 19,
      "modele": 7
    }
  },
  {
    "model": "SayaraApi.couleur",
    "pk": 8,
    "fields": {
      "date_created": "2019-08-27T22:23:14Z",
      "date_modified": "2019-08-27T22:23:14Z",
      "date_removed": null,
      "code": "gn1",
      "ref": 17,
      "modele": 7
    }
  },
  {
    "model": "SayaraApi.couleur",
    "pk": 9,
    "fields": {
      "date_created": "2019-08-27T22:29:58Z",
      "date_modified": "2019-08-27T22:29:58Z",
      "date_removed": null,
      "code": "sb1",
      "ref": 19,
      "modele": 8
    }
  },
  {
    "model": "SayaraApi.couleur",
    "pk": 10,
    "fields": {
      "date_created": "2019-08-27T22:30:10Z",
      "date_modified": "2019-08-27T22:30:10Z",
      "date_removed": null,
      "code": "sg1",
      "ref": 17,
      "modele": 8
    }
  },
  {
    "model": "SayaraApi.couleur",
    "pk": 11,
    "fields": {
      "date_created": "2019-09-11T08:32:54Z",
      "date_modified": "2019-09-11T08:32:54Z",
      "date_removed": null,
      "code": "N28",
      "ref": 18,
      "modele": 1
    }
  },
  {
    "model": "SayaraApi.couleur",
    "pk": 44,
    "fields": {
      "date_created": "2019-09-14T21:30:52Z",
      "date_modified": "2019-09-14T21:30:52Z",
      "date_removed": null,
      "code": "RG7",
      "ref": 25,
      "modele": 2
    }
  },
  {
    "model": "SayaraApi.couleur",
    "pk": 45,
    "fields": {
      "date_created": "2019-09-15T15:10:15.435Z",
      "date_modified": "2019-09-15T15:10:15.435Z",
      "date_removed": null,
      "code": "cod",
      "ref": 28,
      "modele": 2
    }
  },
  {
    "model": "SayaraApi.couleur",
    "pk": 46,
    "fields": {
      "date_created": "2019-09-15T15:10:20.937Z",
      "date_modified": "2019-09-15T15:10:20.937Z",
      "date_removed": null,
      "code": "cod",
      "ref": 28,
      "modele": 2
    }
  },
  {
    "model": "SayaraApi.couleur",
    "pk": 47,
    "fields": {
      "date_created": "2019-09-15T15:10:22.270Z",
      "date_modified": "2019-09-15T15:10:22.270Z",
      "date_removed": null,
      "code": "cod",
      "ref": 28,
      "modele": 2
    }
  },
  {
    "model": "SayaraApi.couleur",
    "pk": 49,
    "fields": {
      "date_created": "2019-09-15T15:17:46.265Z",
      "date_modified": "2019-09-15T15:17:46.265Z",
      "date_removed": null,
      "code": "co",
      "ref": 29,
      "modele": 3
    }
  },
  {
    "model": "SayaraApi.refoption",
    "pk": 1,
    "fields": {
      "date_created": "2019-08-27T15:06:10.234Z",
      "date_modified": "2019-08-27T15:06:10.234Z",
      "date_removed": null,
      "nom": "Toit ouvrant"
    }
  },
  {
    "model": "SayaraApi.refoption",
    "pk": 2,
    "fields": {
      "date_created": "2019-08-27T15:06:10.238Z",
      "date_modified": "2019-08-27T15:06:10.238Z",
      "date_removed": null,
      "nom": "Vitres \u00e9lectriques"
    }
  },
  {
    "model": "SayaraApi.refoption",
    "pk": 3,
    "fields": {
      "date_created": "2019-08-27T15:06:10.238Z",
      "date_modified": "2019-08-27T15:06:10.238Z",
      "date_removed": null,
      "nom": "Gantes aliage"
    }
  },
  {
    "model": "SayaraApi.refoption",
    "pk": 4,
    "fields": {
      "date_created": "2019-08-27T15:06:10.238Z",
      "date_modified": "2019-08-27T15:06:10.238Z",
      "date_removed": null,
      "nom": "Salon cuir"
    }
  },
  {
    "model": "SayaraApi.refoption",
    "pk": 7,
    "fields": {
      "date_created": "2019-09-15T15:23:32.723Z",
      "date_modified": "2019-09-15T15:23:32.723Z",
      "date_removed": null,
      "nom": "optionTest"
    }
  },
  {
    "model": "SayaraApi.option",
    "pk": "133",
    "fields": {
      "date_created": "2019-09-09T10:04:26.668Z",
      "date_modified": "2019-09-09T10:04:26.668Z",
      "date_removed": null,
      "ref": 2,
      "modele": 6
    }
  },
  {
    "model": "SayaraApi.option",
    "pk": "codeop1",
    "fields": {
      "date_created": "2019-09-09T10:08:35.443Z",
      "date_modified": "2019-09-09T10:08:35.443Z",
      "date_removed": null,
      "ref": 4,
      "modele": 1
    }
  },
  {
    "model": "SayaraApi.option",
    "pk": "#GA2",
    "fields": {
      "date_created": "2019-09-14T21:11:28Z",
      "date_modified": "2019-09-14T21:11:28Z",
      "date_removed": null,
      "ref": 3,
      "modele": 2
    }
  },
  {
    "model": "SayaraApi.option",
    "pk": "#TO2",
    "fields": {
      "date_created": "2019-09-14T21:09:32Z",
      "date_modified": "2019-09-14T21:09:32Z",
      "date_removed": null,
      "ref": 1,
      "modele": 2
    }
  },
  {
    "model": "SayaraApi.option",
    "pk": "zzzz",
    "fields": {
      "date_created": "2019-09-09T09:52:14Z",
      "date_modified": "2019-09-09T09:52:14Z",
      "date_removed": null,
      "ref": 2,
      "modele": 8
    }
  },
  {
    "model": "SayaraApi.vehiculeoccasion",
    "pk": 1,
    "fields": {
      "date_created": "2019-08-29T12:49:12Z",
      "date_modified": "2019-08-29T12:49:12Z",
      "date_removed": null,
      "kilometrage": 150000,
      "date": "2009-08-29",
      "image1": "images/vehicules/voiture.jpg",
      "image2": "images/vehicules/voiture.jpg",
      "image3": "images/vehicules/voiture.jpg",
      "version": "Carat",
      "modele": 38,
      "couleur": "17",
      "options": [
        3
      ]
    }
  },
  {
    "model": "SayaraApi.vehiculeoccasion",
    "pk": 2,
    "fields": {
      "date_created": "2019-08-29T12:50:51Z",
      "date_modified": "2019-08-29T12:50:51Z",
      "date_removed": null,
      "kilometrage": 100000,
      "date": "2015-08-29",
      "image1": "images/vehicules/voiture.jpg",
      "image2": "images/vehicules/voiture.jpg",
      "image3": "images/vehicules/voiture.jpg",
      "version": "RLine",
      "modele": 39,
      "couleur": "19",
      "options": [
        1,
        2,
        3,
        4
      ]
    }
  },
  {
    "model": "SayaraApi.vehiculeoccasion",
    "pk": 3,
    "fields": {
      "date_created": "2019-09-10T13:44:39.714Z",
      "date_modified": "2019-09-10T13:44:39.714Z",
      "date_removed": null,
      "kilometrage": 3456,
      "date": "2019-09-18",
      "image1": "images/vehicules/voiture.jpg",
      "image2": "images/vehicules/voiture.jpg",
      "image3": "images/vehicules/voiture.jpg",
      "version": "Tech Vision",
      "modele": 34,
      "couleur": "Bleu",
      "options": [
        1
      ]
    }
  },
  {
    "model": "SayaraApi.vehiculeoccasion",
    "pk": 4,
    "fields": {
      "date_created": "2019-09-10T14:59:56.111Z",
      "date_modified": "2019-09-10T14:59:56.111Z",
      "date_removed": null,
      "kilometrage": 3456,
      "date": "2019-09-18",
      "image1": "images/vehicules/voiture.jpg",
      "image2": "images/vehicules/voiture.jpg",
      "image3": "images/vehicules/voiture.jpg",
      "version": "g7memphis",
      "modele": 34,
      "couleur": "Bleu",
      "options": [
        1
      ]
    }
  },
  {
    "model": "SayaraApi.vehiculeoccasion",
    "pk": 5,
    "fields": {
      "date_created": "2019-09-10T17:29:21.012Z",
      "date_modified": "2019-09-10T17:29:21.012Z",
      "date_removed": null,
      "kilometrage": 25,
      "date": "2015-01-01",
      "image1": "images/vehicules/voiture.jpg",
      "image2": "images/vehicules/voiture.jpg",
      "image3": "images/vehicules/voiture.jpg",
      "version": "Visia",
      "modele": 41,
      "couleur": "red",
      "options": []
    }
  },
  {
    "model": "SayaraApi.vehiculeoccasion",
    "pk": 6,
    "fields": {
      "date_created": "2019-09-10T17:54:02.411Z",
      "date_modified": "2019-09-10T17:54:02.411Z",
      "date_removed": null,
      "kilometrage": 25,
      "date": "2015-01-01",
      "image1": "images/vehicules/voiture.jpg",
      "image2": "images/vehicules/voiture.jpg",
      "image3": "images/vehicules/voiture.jpg",
      "version": "Visia",
      "modele": 41,
      "couleur": "rd",
      "options": []
    }
  },
  {
    "model": "SayaraApi.vehiculeoccasion",
    "pk": 7,
    "fields": {
      "date_created": "2019-09-10T17:57:35.932Z",
      "date_modified": "2019-09-10T17:57:35.932Z",
      "date_removed": null,
      "kilometrage": 25,
      "date": "2015-01-01",
      "image1": "images/vehicules/voiture.jpg",
      "image2": "images/vehicules/voiture.jpg",
      "image3": "images/vehicules/voiture.jpg",
      "version": "Visia",
      "modele": 41,
      "couleur": "tg",
      "options": []
    }
  },
  {
    "model": "SayaraApi.vehiculeoccasion",
    "pk": 8,
    "fields": {
      "date_created": "2019-09-10T18:03:45.474Z",
      "date_modified": "2019-09-10T18:03:45.474Z",
      "date_removed": null,
      "kilometrage": 258,
      "date": "2015-01-01",
      "image1": "images/vehicules/voiture.jpg",
      "image2": "images/vehicules/voiture.jpg",
      "image3": "images/vehicules/voiture.jpg",
      "version": "Visia",
      "modele": 41,
      "couleur": "rd",
      "options": []
    }
  },
  {
    "model": "SayaraApi.vehiculeoccasion",
    "pk": 9,
    "fields": {
      "date_created": "2019-09-10T18:08:20.710Z",
      "date_modified": "2019-09-10T18:08:20.710Z",
      "date_removed": null,
      "kilometrage": 258,
      "date": "2015-01-01",
      "image1": "images/vehicules/voiture.jpg",
      "image2": "images/vehicules/voiture.jpg",
      "image3": "images/vehicules/voiture.jpg",
      "version": "Visia",
      "modele": 41,
      "couleur": "red",
      "options": []
    }
  },
  {
    "model": "SayaraApi.vehiculeoccasion",
    "pk": 10,
    "fields": {
      "date_created": "2019-09-10T19:11:00.890Z",
      "date_modified": "2019-09-10T19:11:00.890Z",
      "date_removed": null,
      "kilometrage": 25,
      "date": "2018-01-01",
      "image1": "images/vehicules/voiture.jpg",
      "image2": "images/vehicules/voiture.jpg",
      "image3": "images/vehicules/voiture.jpg",
      "version": "Visia",
      "modele": 41,
      "couleur": "rouge",
      "options": []
    }
  },
  {
    "model": "SayaraApi.vehiculeoccasion",
    "pk": 11,
    "fields": {
      "date_created": "2019-09-10T19:13:55.778Z",
      "date_modified": "2019-09-10T19:13:55.778Z",
      "date_removed": null,
      "kilometrage": 25,
      "date": "2019-01-01",
      "image1": "images/vehicules/voiture.jpg",
      "image2": "images/vehicules/voiture.jpg",
      "image3": "images/vehicules/voiture.jpg",
      "version": "Visia",
      "modele": 41,
      "couleur": "red",
      "options": []
    }
  },
  {
    "model": "SayaraApi.vehiculeoccasion",
    "pk": 12,
    "fields": {
      "date_created": "2019-09-10T19:33:48.811Z",
      "date_modified": "2019-09-10T19:33:48.811Z",
      "date_removed": null,
      "kilometrage": 258,
      "date": "2018-01-01",
      "image1": "images/vehicules/voiture.jpg",
      "image2": "images/vehicules/voiture.jpg",
      "image3": "images/vehicules/voiture.jpg",
      "version": "Visia",
      "modele": 41,
      "couleur": "rdd",
      "options": []
    }
  },
  {
    "model": "SayaraApi.vehiculeoccasion",
    "pk": 13,
    "fields": {
      "date_created": "2019-09-10T19:53:00.372Z",
      "date_modified": "2019-09-10T19:53:00.372Z",
      "date_removed": null,
      "kilometrage": 58,
      "date": "2015-01-01",
      "image1": "images/vehicules/voiture.jpg",
      "image2": "images/vehicules/voiture.jpg",
      "image3": "images/vehicules/voiture.jpg",
      "version": "Visia",
      "modele": 41,
      "couleur": "red",
      "options": []
    }
  },
  {
    "model": "SayaraApi.vehiculeoccasion",
    "pk": 14,
    "fields": {
      "date_created": "2019-09-10T19:58:17.159Z",
      "date_modified": "2019-09-10T19:58:17.159Z",
      "date_removed": null,
      "kilometrage": 258,
      "date": "2015-01-01",
      "image1": "images/vehicules/voiture.jpg",
      "image2": "images/vehicules/voiture.jpg",
      "image3": "images/vehicules/voiture.jpg",
      "version": "Visia",
      "modele": 41,
      "couleur": "red",
      "options": []
    }
  },
  {
    "model": "SayaraApi.vehiculeoccasion",
    "pk": 15,
    "fields": {
      "date_created": "2019-09-11T08:26:26.952Z",
      "date_modified": "2019-09-11T08:26:26.952Z",
      "date_removed": null,
      "kilometrage": 255,
      "date": "2015-01-01",
      "image1": "images/vehicules/JPEG_java.text.SimpleDateFormat7b7729bf_3594394817302800099.jpg",
      "image2": "images/vehicules/voiture.jpg",
      "image3": "images/vehicules/voiture.jpg",
      "version": "Visia",
      "modele": 41,
      "couleur": "red",
      "options": []
    }
  },
  {
    "model": "SayaraApi.vehiculeoccasion",
    "pk": 16,
    "fields": {
      "date_created": "2019-09-11T08:29:10.282Z",
      "date_modified": "2019-09-11T08:29:10.282Z",
      "date_removed": null,
      "kilometrage": 2588,
      "date": "2016-01-01",
      "image1": "images/vehicules/JPEG_java.text.SimpleDateFormat7b7729bf_4873146858421161323.jpg",
      "image2": "images/vehicules/voiture.jpg",
      "image3": "images/vehicules/voiture.jpg",
      "version": "Visia",
      "modele": 41,
      "couleur": "red",
      "options": []
    }
  },
  {
    "model": "SayaraApi.vehiculeoccasion",
    "pk": 17,
    "fields": {
      "date_created": "2019-09-11T10:24:55.797Z",
      "date_modified": "2019-09-11T10:24:55.797Z",
      "date_removed": null,
      "kilometrage": 258,
      "date": "2016-01-01",
      "image1": "images/vehicules/JPEG_java.text.SimpleDateFormat7b7729bf_2585866380454073322.jpg",
      "image2": "images/vehicules/voiture.jpg",
      "image3": "images/vehicules/voiture.jpg",
      "version": "Visia",
      "modele": 41,
      "couleur": "red",
      "options": []
    }
  },
  {
    "model": "SayaraApi.vehiculeoccasion",
    "pk": 50,
    "fields": {
      "date_created": "2019-09-12T21:34:50.013Z",
      "date_modified": "2019-09-12T21:34:50.013Z",
      "date_removed": null,
      "kilometrage": 155,
      "date": "2015-01-01",
      "image1": "images/vehicules/IMG_20190912_194244_760.jpg",
      "image2": "images/vehicules/voiture.jpg",
      "image3": "images/vehicules/voiture.jpg",
      "version": "Visia",
      "modele": 41,
      "couleur": "red",
      "options": []
    }
  },
  {
    "model": "SayaraApi.vehiculeoccasion",
    "pk": 51,
    "fields": {
      "date_created": "2019-09-14T10:31:10.200Z",
      "date_modified": "2019-09-14T10:31:10.200Z",
      "date_removed": null,
      "kilometrage": 25,
      "date": "2015-01-01",
      "image1": "images/vehicules/Screenshot_20190914-094802_Gmail.jpg",
      "image2": "images/vehicules/voiture.jpg",
      "image3": "images/vehicules/voiture.jpg",
      "version": "Visia",
      "modele": 41,
      "couleur": "red",
      "options": []
    }
  },
  {
    "model": "SayaraApi.vehiculeoccasion",
    "pk": 52,
    "fields": {
      "date_created": "2019-09-14T12:08:28.539Z",
      "date_modified": "2019-09-14T12:08:28.539Z",
      "date_removed": null,
      "kilometrage": 1000,
      "date": "2015-01-01",
      "image1": "images/vehicules/20190908_124103-01.jpeg",
      "image2": "images/vehicules/voiture.jpg",
      "image3": "images/vehicules/voiture.jpg",
      "version": "Visia",
      "modele": 41,
      "couleur": "rouge",
      "options": []
    }
  },
  {
    "model": "SayaraApi.vehiculeoccasion",
    "pk": 53,
    "fields": {
      "date_created": "2019-09-14T12:13:08.421Z",
      "date_modified": "2019-09-14T12:13:08.421Z",
      "date_removed": null,
      "kilometrage": 100000,
      "date": "2018-01-01",
      "image1": "images/vehicules/JPEG_java.text.SimpleDateFormat7b7729bf_1226153821628010985.jpg",
      "image2": "images/vehicules/voiture.jpg",
      "image3": "images/vehicules/voiture.jpg",
      "version": "Visia",
      "modele": 41,
      "couleur": "noire",
      "options": []
    }
  },
  {
    "model": "SayaraApi.vehiculeoccasion",
    "pk": 54,
    "fields": {
      "date_created": "2019-09-14T12:14:36.221Z",
      "date_modified": "2019-09-14T12:14:36.221Z",
      "date_removed": null,
      "kilometrage": 2000,
      "date": "2018-01-01",
      "image1": "images/vehicules/20190908_125228-01.jpeg",
      "image2": "images/vehicules/voiture.jpg",
      "image3": "images/vehicules/voiture.jpg",
      "version": "start+",
      "modele": 35,
      "couleur": "red",
      "options": []
    }
  },
  {
    "model": "SayaraApi.vehiculeoccasion",
    "pk": 55,
    "fields": {
      "date_created": "2019-09-14T12:17:02.789Z",
      "date_modified": "2019-09-14T12:17:02.789Z",
      "date_removed": null,
      "kilometrage": 200,
      "date": "2018-01-01",
      "image1": "images/vehicules/20190911_175233-01.jpeg",
      "image2": "images/vehicules/voiture.jpg",
      "image3": "images/vehicules/voiture.jpg",
      "version": "Memphis",
      "modele": 35,
      "couleur": "blue",
      "options": []
    }
  },
  {
    "model": "SayaraApi.vehiculeoccasion",
    "pk": 56,
    "fields": {
      "date_created": "2019-09-14T12:30:09.494Z",
      "date_modified": "2019-09-14T12:30:09.494Z",
      "date_removed": null,
      "kilometrage": 58,
      "date": "2018-01-01",
      "image1": "images/vehicules/FB_IMG_1568440882174.jpg",
      "image2": "images/vehicules/voiture.jpg",
      "image3": "images/vehicules/voiture.jpg",
      "version": "start+",
      "modele": 35,
      "couleur": "red",
      "options": []
    }
  },
  {
    "model": "SayaraApi.vehiculeoccasion",
    "pk": 57,
    "fields": {
      "date_created": "2019-09-15T10:13:55.721Z",
      "date_modified": "2019-09-15T10:13:55.721Z",
      "date_removed": null,
      "kilometrage": 2560,
      "date": "2018-01-01",
      "image1": "images/vehicules/Screenshot_20190915-104405_One_UI_Home.jpg",
      "image2": "images/vehicules/voiture.jpg",
      "image3": "images/vehicules/voiture.jpg",
      "version": "Visia",
      "modele": 41,
      "couleur": "rouge",
      "options": []
    }
  },
  {
    "model": "SayaraApi.vehiculeoccasion",
    "pk": 58,
    "fields": {
      "date_created": "2019-09-15T10:17:07.317Z",
      "date_modified": "2019-09-15T10:17:07.317Z",
      "date_removed": null,
      "kilometrage": 255,
      "date": "2018-01-01",
      "image1": "images/vehicules/JPEG_java.text.SimpleDateFormat7b7729bf_3419953293273357604.jpg",
      "image2": "images/vehicules/voiture.jpg",
      "image3": "images/vehicules/voiture.jpg",
      "version": "Visia",
      "modele": 41,
      "couleur": "rdd",
      "options": []
    }
  },
  {
    "model": "SayaraApi.vehiculeoccasion",
    "pk": 59,
    "fields": {
      "date_created": "2019-09-15T13:21:01.820Z",
      "date_modified": "2019-09-15T13:21:01.820Z",
      "date_removed": null,
      "kilometrage": 2588,
      "date": "2015-01-01",
      "image1": "images/vehicules/JPEG_java.text.SimpleDateFormat7b7729bf_5919497424878601813.jpg",
      "image2": "images/vehicules/voiture.jpg",
      "image3": "images/vehicules/voiture.jpg",
      "version": "start+",
      "modele": 35,
      "couleur": "red",
      "options": []
    }
  },
  {
    "model": "SayaraApi.vehiculeoccasion",
    "pk": 60,
    "fields": {
      "date_created": "2019-09-15T13:29:58.799Z",
      "date_modified": "2019-09-15T13:29:58.800Z",
      "date_removed": null,
      "kilometrage": 20658,
      "date": "2018-01-01",
      "image1": "images/vehicules/JPEG_java.text.SimpleDateFormat7b7729bf_158274013354479825.jpg",
      "image2": "images/vehicules/voiture.jpg",
      "image3": "images/vehicules/voiture.jpg",
      "version": "start+",
      "modele": 35,
      "couleur": "guik",
      "options": []
    }
  },
  {
    "model": "SayaraApi.vehiculeoccasion",
    "pk": 61,
    "fields": {
      "date_created": "2019-09-15T13:38:14.726Z",
      "date_modified": "2019-09-15T13:38:14.726Z",
      "date_removed": null,
      "kilometrage": 285,
      "date": "2015-01-01",
      "image1": "images/vehicules/Screenshot_20190915-104408_One_UI_Home.jpg",
      "image2": "images/vehicules/voiture.jpg",
      "image3": "images/vehicules/voiture.jpg",
      "version": "Visia",
      "modele": 41,
      "couleur": "red",
      "options": []
    }
  },
  {
    "model": "SayaraApi.vehiculeoccasion",
    "pk": 62,
    "fields": {
      "date_created": "2019-09-15T13:49:18.158Z",
      "date_modified": "2019-09-15T13:49:18.158Z",
      "date_removed": null,
      "kilometrage": 2588,
      "date": "2018-01-01",
      "image1": "images/vehicules/Screenshot_20190915-104405_One_UI_Home.jpg",
      "image2": "images/vehicules/voiture.jpg",
      "image3": "images/vehicules/voiture.jpg",
      "version": "Visia",
      "modele": 41,
      "couleur": "red",
      "options": []
    }
  },
  {
    "model": "SayaraApi.vehiculeoccasion",
    "pk": 63,
    "fields": {
      "date_created": "2019-09-15T13:51:24.533Z",
      "date_modified": "2019-09-15T13:51:24.533Z",
      "date_removed": null,
      "kilometrage": 25,
      "date": "2018-01-01",
      "image1": "images/vehicules/Screenshot_20190915-104408_One_UI_Home_gzdPliK.jpg",
      "image2": "images/vehicules/voiture.jpg",
      "image3": "images/vehicules/voiture.jpg",
      "version": "Visia",
      "modele": 41,
      "couleur": "red",
      "options": []
    }
  },
  {
    "model": "SayaraApi.vehiculeoccasion",
    "pk": 64,
    "fields": {
      "date_created": "2019-09-15T13:56:22.730Z",
      "date_modified": "2019-09-15T13:56:22.730Z",
      "date_removed": null,
      "kilometrage": 5000,
      "date": "2012-01-01",
      "image1": "images/vehicules/Screenshot_20190915-104408_One_UI_Home_T7Wdu03.jpg",
      "image2": "images/vehicules/voiture.jpg",
      "image3": "images/vehicules/voiture.jpg",
      "version": "Visia+",
      "modele": 40,
      "couleur": "red",
      "options": []
    }
  },
  {
    "model": "SayaraApi.vehiculeoccasion",
    "pk": 65,
    "fields": {
      "date_created": "2019-09-15T14:12:09.014Z",
      "date_modified": "2019-09-15T14:12:09.014Z",
      "date_removed": null,
      "kilometrage": 2555,
      "date": "2018-01-01",
      "image1": "images/vehicules/JPEG_java.text.SimpleDateFormat7b7729bf_3682857549256280380.jpg",
      "image2": "images/vehicules/voiture.jpg",
      "image3": "images/vehicules/voiture.jpg",
      "version": "start+",
      "modele": 35,
      "couleur": "red",
      "options": []
    }
  },
  {
    "model": "SayaraApi.vehiculeoccasion",
    "pk": 66,
    "fields": {
      "date_created": "2019-09-15T15:30:32.877Z",
      "date_modified": "2019-09-15T15:30:32.878Z",
      "date_removed": null,
      "kilometrage": 2588,
      "date": "2018-01-01",
      "image1": "images/vehicules/Screenshot_20190915-104405_One_UI_Home.jpg",
      "image2": "images/vehicules/voiture.jpg",
      "image3": "images/vehicules/voiture.jpg",
      "version": "start+",
      "modele": 35,
      "couleur": "red",
      "options": []
    }
  },
  {
    "model": "SayaraApi.vehiculeoccasion",
    "pk": 67,
    "fields": {
      "date_created": "2019-09-15T15:32:30.991Z",
      "date_modified": "2019-09-15T15:32:30.991Z",
      "date_removed": null,
      "kilometrage": 288,
      "date": "2015-01-01",
      "image1": "images/vehicules/20190911_175233-01.jpeg",
      "image2": "images/vehicules/voiture.jpg",
      "image3": "images/vehicules/voiture.jpg",
      "version": "Visia",
      "modele": 41,
      "couleur": "blue",
      "options": []
    }
  },
  {
    "model": "SayaraApi.vehiculeoccasion",
    "pk": 68,
    "fields": {
      "date_created": "2019-09-15T15:44:43.017Z",
      "date_modified": "2019-09-15T15:44:43.017Z",
      "date_removed": null,
      "kilometrage": 258,
      "date": "2018-01-01",
      "image1": "images/vehicules/Screenshot_20190915-104408_One_UI_Home.jpg",
      "image2": "images/vehicules/voiture.jpg",
      "image3": "images/vehicules/voiture.jpg",
      "version": "Visia",
      "modele": 41,
      "couleur": "rouge",
      "options": []
    }
  },
  {
    "model": "SayaraApi.vehiculeoccasion",
    "pk": 69,
    "fields": {
      "date_created": "2019-09-15T15:50:38.940Z",
      "date_modified": "2019-09-15T15:50:38.940Z",
      "date_removed": null,
      "kilometrage": 2580,
      "date": "2018-01-01",
      "image1": "images/vehicules/JPEG_java.text.SimpleDateFormat7b7729bf_2067325208113548751.jpg",
      "image2": "images/vehicules/voiture.jpg",
      "image3": "images/vehicules/voiture.jpg",
      "version": "Visia",
      "modele": 41,
      "couleur": "hgff",
      "options": []
    }
  },
  {
    "model": "SayaraApi.vehiculeoccasion",
    "pk": 70,
    "fields": {
      "date_created": "2019-09-15T15:54:27.977Z",
      "date_modified": "2019-09-15T15:54:27.977Z",
      "date_removed": null,
      "kilometrage": 258,
      "date": "2018-01-01",
      "image1": "images/vehicules/JPEG_java.text.SimpleDateFormat7b7729bf_1954520312659879666.jpg",
      "image2": "images/vehicules/voiture.jpg",
      "image3": "images/vehicules/voiture.jpg",
      "version": "Visia",
      "modele": 41,
      "couleur": "rfg",
      "options": []
    }
  },
  {
    "model": "SayaraApi.vehiculeoccasion",
    "pk": 71,
    "fields": {
      "date_created": "2019-09-15T16:02:47.317Z",
      "date_modified": "2019-09-15T16:02:47.317Z",
      "date_removed": null,
      "kilometrage": 558,
      "date": "2018-01-01",
      "image1": "images/vehicules/JPEG_java.text.SimpleDateFormat7b7729bf_5928498169237979724.jpg",
      "image2": "images/vehicules/voiture.jpg",
      "image3": "images/vehicules/voiture.jpg",
      "version": "Visia",
      "modele": 41,
      "couleur": "red",
      "options": []
    }
  },
  {
    "model": "SayaraApi.vehiculeneuf",
    "pk": 1,
    "fields": {
      "date_created": "2019-08-29T12:47:06Z",
      "date_modified": "2019-08-29T12:47:06Z",
      "date_removed": null,
      "num": "0000032654987987564261045",
      "disponible": true,
      "reserve": false,
      "concessionnaire": "Alger",
      "version": "g7memphis",
      "couleur": 2,
      "options": []
    }
  },
  {
    "model": "SayaraApi.vehiculeneuf",
    "pk": 2,
    "fields": {
      "date_created": "2019-08-29T12:47:33Z",
      "date_modified": "2019-08-29T12:47:33Z",
      "date_removed": null,
      "num": "0000032654987987564261044",
      "disponible": true,
      "reserve": false,
      "concessionnaire": "Alger",
      "version": "g7startp",
      "couleur": 3,
      "options": []
    }
  },
  {
    "model": "SayaraApi.vehiculeneuf",
    "pk": 3,
    "fields": {
      "date_created": "2019-08-29T12:47:54Z",
      "date_modified": "2019-08-29T12:47:54Z",
      "date_removed": null,
      "num": "0000032654987987564261043",
      "disponible": true,
      "reserve": false,
      "concessionnaire": "Alger",
      "version": "g7startp",
      "couleur": 4,
      "options": []
    }
  },
  {
    "model": "SayaraApi.vehiculeneuf",
    "pk": 4,
    "fields": {
      "date_created": "2019-09-14T11:40:59.131Z",
      "date_modified": "2019-09-14T11:40:59.131Z",
      "date_removed": null,
      "num": "000003265498798756444526",
      "disponible": true,
      "reserve": false,
      "concessionnaire": "Alger",
      "version": "g7startp",
      "couleur": 4,
      "options": []
    }
  },
  {
    "model": "SayaraApi.vehiculeneuf",
    "pk": 5,
    "fields": {
      "date_created": "2019-09-14T11:40:59.144Z",
      "date_modified": "2019-09-14T11:40:59.144Z",
      "date_removed": null,
      "num": "000003265498798756444556",
      "disponible": true,
      "reserve": false,
      "concessionnaire": "Alger",
      "version": "g7startp",
      "couleur": 4,
      "options": []
    }
  },
  {
    "model": "SayaraApi.vehiculeneuf",
    "pk": 6,
    "fields": {
      "date_created": "2019-09-15T12:13:20.335Z",
      "date_modified": "2019-09-15T12:13:20.335Z",
      "date_removed": null,
      "num": "32700000000",
      "disponible": true,
      "reserve": false,
      "concessionnaire": "Alger",
      "version": "g7startp",
      "couleur": 4,
      "options": [
        "codeop1"
      ]
    }
  },
  {
    "model": "SayaraApi.vehiculeneuf",
    "pk": 7,
    "fields": {
      "date_created": "2019-09-15T12:13:20.376Z",
      "date_modified": "2019-09-15T12:13:20.376Z",
      "date_removed": null,
      "num": "32700000000",
      "disponible": true,
      "reserve": false,
      "concessionnaire": "Alger",
      "version": "g7startp",
      "couleur": 4,
      "options": [
        "codeop1"
      ]
    }
  },
  {
    "model": "SayaraApi.tarifoption",
    "pk": 2,
    "fields": {
      "date_created": "2019-09-11T08:02:55Z",
      "date_modified": "2019-09-11T08:02:55Z",
      "date_removed": null,
      "debut": "2019-01-01",
      "fin": "2019-12-11",
      "prix": 150000.0,
      "base": true,
      "option": "codeop1"
    }
  },
  {
    "model": "SayaraApi.tarifoption",
    "pk": 3,
    "fields": {
      "date_created": "2019-09-11T12:31:25.325Z",
      "date_modified": "2019-09-11T12:31:25.325Z",
      "date_removed": null,
      "debut": "2019-09-01",
      "fin": "2019-10-30",
      "prix": 30000.0,
      "base": false,
      "option": "zzzz"
    }
  },
  {
    "model": "SayaraApi.tarifoption",
    "pk": 4,
    "fields": {
      "date_created": "2019-09-11T12:34:04.211Z",
      "date_modified": "2019-09-11T12:34:04.211Z",
      "date_removed": null,
      "debut": "2019-09-01",
      "fin": "2019-10-30",
      "prix": 30000.0,
      "base": false,
      "option": "zzzz"
    }
  },
  {
    "model": "SayaraApi.tarifoption",
    "pk": 36,
    "fields": {
      "date_created": "2019-09-14T10:45:11.681Z",
      "date_modified": "2019-09-14T10:45:11.681Z",
      "date_removed": null,
      "debut": "2019-09-01",
      "fin": "2019-10-30",
      "prix": 30000.0,
      "base": false,
      "option": "zzzz"
    }
  },
  {
    "model": "SayaraApi.tarifoption",
    "pk": 37,
    "fields": {
      "date_created": "2019-09-14T13:17:02.128Z",
      "date_modified": "2019-09-14T13:17:02.128Z",
      "date_removed": null,
      "debut": "2019-09-01",
      "fin": "2019-10-30",
      "prix": 30000.0,
      "base": false,
      "option": "zzzz"
    }
  },
  {
    "model": "SayaraApi.tarifoption",
    "pk": 38,
    "fields": {
      "date_created": "2019-09-14T21:45:03.330Z",
      "date_modified": "2019-09-14T21:45:03.330Z",
      "date_removed": null,
      "debut": "2019-09-01",
      "fin": "2019-10-30",
      "prix": 30000.0,
      "base": false,
      "option": "zzzz"
    }
  },
  {
    "model": "SayaraApi.tarifoption",
    "pk": 39,
    "fields": {
      "date_created": "2019-09-15T00:54:25Z",
      "date_modified": "2019-09-15T00:54:25Z",
      "date_removed": null,
      "debut": "2019-09-15",
      "fin": "2029-09-15",
      "prix": 200000.0,
      "base": true,
      "option": "#GA2"
    }
  },
  {
    "model": "SayaraApi.tarifoption",
    "pk": 40,
    "fields": {
      "date_created": "2019-09-15T12:15:35.709Z",
      "date_modified": "2019-09-15T12:15:35.709Z",
      "date_removed": null,
      "debut": "2019-09-01",
      "fin": "2019-10-30",
      "prix": 30000.0,
      "base": false,
      "option": "zzzz"
    }
  },
  {
    "model": "SayaraApi.tarifoption",
    "pk": 41,
    "fields": {
      "date_created": "2019-09-15T12:15:54.757Z",
      "date_modified": "2019-09-15T12:15:54.757Z",
      "date_removed": null,
      "debut": "2019-09-01",
      "fin": "2019-10-30",
      "prix": 30000.0,
      "base": false,
      "option": "zzzz"
    }
  },
  {
    "model": "SayaraApi.tarifoption",
    "pk": 42,
    "fields": {
      "date_created": "2019-09-15T12:18:04.741Z",
      "date_modified": "2019-09-15T12:18:04.741Z",
      "date_removed": null,
      "debut": "2019-09-01",
      "fin": "2019-10-30",
      "prix": 30000.0,
      "base": false,
      "option": "zzzz"
    }
  },
  {
    "model": "SayaraApi.tarifversion",
    "pk": 1,
    "fields": {
      "date_created": "2019-09-11T08:47:55.537Z",
      "date_modified": "2019-09-11T08:47:55.537Z",
      "date_removed": null,
      "debut": "2019-09-01",
      "fin": "2019-10-30",
      "prix": 30001.0,
      "base": false,
      "version": "micravisia"
    }
  },
  {
    "model": "SayaraApi.tarifversion",
    "pk": 2,
    "fields": {
      "date_created": "2019-09-11T12:31:25.488Z",
      "date_modified": "2019-09-11T12:31:25.488Z",
      "date_removed": null,
      "debut": "2019-09-01",
      "fin": "2019-10-30",
      "prix": 30001.0,
      "base": false,
      "version": "micravisia"
    }
  },
  {
    "model": "SayaraApi.tarifversion",
    "pk": 3,
    "fields": {
      "date_created": "2019-09-11T12:34:04.235Z",
      "date_modified": "2019-09-11T12:34:04.235Z",
      "date_removed": null,
      "debut": "2019-09-01",
      "fin": "2019-10-30",
      "prix": 30001.0,
      "base": false,
      "version": "micravisia"
    }
  },
  {
    "model": "SayaraApi.tarifversion",
    "pk": 35,
    "fields": {
      "date_created": "2019-09-14T10:45:11.871Z",
      "date_modified": "2019-09-14T10:45:11.871Z",
      "date_removed": null,
      "debut": "2019-09-01",
      "fin": "2019-10-30",
      "prix": 30001.0,
      "base": false,
      "version": "micravisia"
    }
  },
  {
    "model": "SayaraApi.tarifversion",
    "pk": 36,
    "fields": {
      "date_created": "2019-09-14T13:17:02.395Z",
      "date_modified": "2019-09-14T13:17:02.395Z",
      "date_removed": null,
      "debut": "2019-09-01",
      "fin": "2019-10-30",
      "prix": 30001.0,
      "base": false,
      "version": "micravisia"
    }
  },
  {
    "model": "SayaraApi.tarifversion",
    "pk": 37,
    "fields": {
      "date_created": "2019-09-14T21:45:10.960Z",
      "date_modified": "2019-09-14T21:45:10.960Z",
      "date_removed": null,
      "debut": "2019-09-01",
      "fin": "2019-10-30",
      "prix": 30001.0,
      "base": false,
      "version": "micravisia"
    }
  },
  {
    "model": "SayaraApi.tarifversion",
    "pk": 38,
    "fields": {
      "date_created": "2019-09-15T00:56:44Z",
      "date_modified": "2019-09-15T00:56:44Z",
      "date_removed": null,
      "debut": "2019-09-15",
      "fin": "2029-09-15",
      "prix": 2500000.0,
      "base": true,
      "version": "g7startp"
    }
  },
  {
    "model": "SayaraApi.tarifversion",
    "pk": 39,
    "fields": {
      "date_created": "2019-09-15T12:15:35.868Z",
      "date_modified": "2019-09-15T12:15:35.868Z",
      "date_removed": null,
      "debut": "2019-09-01",
      "fin": "2019-10-30",
      "prix": 30001.0,
      "base": false,
      "version": "micravisia"
    }
  },
  {
    "model": "SayaraApi.tarifversion",
    "pk": 40,
    "fields": {
      "date_created": "2019-09-15T12:15:54.761Z",
      "date_modified": "2019-09-15T12:15:54.761Z",
      "date_removed": null,
      "debut": "2019-09-01",
      "fin": "2019-10-30",
      "prix": 30001.0,
      "base": false,
      "version": "micravisia"
    }
  },
  {
    "model": "SayaraApi.tarifversion",
    "pk": 41,
    "fields": {
      "date_created": "2019-09-15T12:18:04.731Z",
      "date_modified": "2019-09-15T12:18:04.731Z",
      "date_removed": null,
      "debut": "2019-09-01",
      "fin": "2019-10-30",
      "prix": 30001.0,
      "base": false,
      "version": "micravisia"
    }
  },
  {
    "model": "SayaraApi.tarifcouleur",
    "pk": 1,
    "fields": {
      "date_created": "2019-09-11T01:16:38Z",
      "date_modified": "2019-09-11T01:16:38Z",
      "date_removed": null,
      "debut": "2019-09-08",
      "fin": "2019-09-16",
      "prix": 30000.0,
      "base": true,
      "couleur": 10
    }
  },
  {
    "model": "SayaraApi.tarifcouleur",
    "pk": 2,
    "fields": {
      "date_created": "2019-09-11T07:53:38Z",
      "date_modified": "2019-09-11T07:53:38Z",
      "date_removed": null,
      "debut": "2019-09-10",
      "fin": "2019-12-11",
      "prix": 50000.0,
      "base": true,
      "couleur": 3
    }
  },
  {
    "model": "SayaraApi.tarifcouleur",
    "pk": 3,
    "fields": {
      "date_created": "2019-09-11T08:22:35.982Z",
      "date_modified": "2019-09-11T08:22:35.982Z",
      "date_removed": null,
      "debut": "2019-08-01",
      "fin": "2019-09-30",
      "prix": 5000.0,
      "base": false,
      "couleur": 1
    }
  },
  {
    "model": "SayaraApi.tarifcouleur",
    "pk": 4,
    "fields": {
      "date_created": "2019-09-11T08:22:35.987Z",
      "date_modified": "2019-09-11T08:22:35.987Z",
      "date_removed": null,
      "debut": "2019-09-01",
      "fin": "2019-10-30",
      "prix": 3000.0,
      "base": false,
      "couleur": 1
    }
  },
  {
    "model": "SayaraApi.tarifcouleur",
    "pk": 5,
    "fields": {
      "date_created": "2019-09-11T08:20:55Z",
      "date_modified": "2019-09-11T08:20:55Z",
      "date_removed": null,
      "debut": "2019-01-11",
      "fin": "2019-12-11",
      "prix": 30000.0,
      "base": true,
      "couleur": 1
    }
  },
  {
    "model": "SayaraApi.tarifcouleur",
    "pk": 6,
    "fields": {
      "date_created": "2019-09-11T08:24:27Z",
      "date_modified": "2019-09-11T08:24:27Z",
      "date_removed": null,
      "debut": "2019-08-13",
      "fin": "2019-10-01",
      "prix": 10000.0,
      "base": true,
      "couleur": 2
    }
  },
  {
    "model": "SayaraApi.tarifcouleur",
    "pk": 7,
    "fields": {
      "date_created": "2019-09-11T08:25:17.222Z",
      "date_modified": "2019-09-11T08:25:17.223Z",
      "date_removed": null,
      "debut": "2019-08-01",
      "fin": "2019-09-30",
      "prix": 5000.0,
      "base": false,
      "couleur": 1
    }
  },
  {
    "model": "SayaraApi.tarifcouleur",
    "pk": 8,
    "fields": {
      "date_created": "2019-09-11T08:25:17.227Z",
      "date_modified": "2019-09-11T08:25:17.227Z",
      "date_removed": null,
      "debut": "2019-09-01",
      "fin": "2019-10-30",
      "prix": 3000.0,
      "base": false,
      "couleur": 1
    }
  },
  {
    "model": "SayaraApi.tarifcouleur",
    "pk": 9,
    "fields": {
      "date_created": "2019-09-11T08:24:50Z",
      "date_modified": "2019-09-11T08:24:50Z",
      "date_removed": null,
      "debut": "2019-08-13",
      "fin": "2019-12-01",
      "prix": 60000.0,
      "base": true,
      "couleur": 4
    }
  },
  {
    "model": "SayaraApi.tarifcouleur",
    "pk": 10,
    "fields": {
      "date_created": "2019-09-11T08:31:47.823Z",
      "date_modified": "2019-09-11T08:31:47.823Z",
      "date_removed": null,
      "debut": "2019-08-01",
      "fin": "2019-09-30",
      "prix": 5000.0,
      "base": false,
      "couleur": 1
    }
  },
  {
    "model": "SayaraApi.tarifcouleur",
    "pk": 11,
    "fields": {
      "date_created": "2019-09-11T08:31:47.829Z",
      "date_modified": "2019-09-11T08:31:47.829Z",
      "date_removed": null,
      "debut": "2019-09-01",
      "fin": "2019-10-30",
      "prix": 3000.0,
      "base": false,
      "couleur": 1
    }
  },
  {
    "model": "SayaraApi.tarifcouleur",
    "pk": 12,
    "fields": {
      "date_created": "2019-09-11T08:35:30Z",
      "date_modified": "2019-09-11T08:35:30Z",
      "date_removed": null,
      "debut": "2019-08-13",
      "fin": "2019-10-01",
      "prix": 10000.0,
      "base": true,
      "couleur": 11
    }
  },
  {
    "model": "SayaraApi.tarifcouleur",
    "pk": 13,
    "fields": {
      "date_created": "2019-09-11T08:46:11.862Z",
      "date_modified": "2019-09-11T08:46:11.862Z",
      "date_removed": null,
      "debut": "2019-08-01",
      "fin": "2019-09-30",
      "prix": 5000.0,
      "base": false,
      "couleur": 1
    }
  },
  {
    "model": "SayaraApi.tarifcouleur",
    "pk": 14,
    "fields": {
      "date_created": "2019-09-11T08:46:11.867Z",
      "date_modified": "2019-09-11T08:46:11.867Z",
      "date_removed": null,
      "debut": "2019-09-01",
      "fin": "2019-10-30",
      "prix": 3000.0,
      "base": false,
      "couleur": 1
    }
  },
  {
    "model": "SayaraApi.tarifcouleur",
    "pk": 15,
    "fields": {
      "date_created": "2019-09-11T08:49:21.178Z",
      "date_modified": "2019-09-11T08:49:21.178Z",
      "date_removed": null,
      "debut": "2019-08-01",
      "fin": "2019-09-30",
      "prix": 5000.0,
      "base": false,
      "couleur": 1
    }
  },
  {
    "model": "SayaraApi.tarifcouleur",
    "pk": 16,
    "fields": {
      "date_created": "2019-09-11T08:49:21.182Z",
      "date_modified": "2019-09-11T08:49:21.182Z",
      "date_removed": null,
      "debut": "2019-09-01",
      "fin": "2019-10-30",
      "prix": 3000.0,
      "base": false,
      "couleur": 1
    }
  },
  {
    "model": "SayaraApi.tarifcouleur",
    "pk": 17,
    "fields": {
      "date_created": "2019-09-11T08:50:13Z",
      "date_modified": "2019-09-11T08:50:13Z",
      "date_removed": null,
      "debut": "2019-09-11",
      "fin": "2019-09-20",
      "prix": 451.0,
      "base": true,
      "couleur": 10
    }
  },
  {
    "model": "SayaraApi.tarifcouleur",
    "pk": 18,
    "fields": {
      "date_created": "2019-09-11T08:50:13Z",
      "date_modified": "2019-09-11T08:50:13Z",
      "date_removed": null,
      "debut": "2019-09-11",
      "fin": "2019-09-20",
      "prix": 451.0,
      "base": true,
      "couleur": 10
    }
  },
  {
    "model": "SayaraApi.tarifcouleur",
    "pk": 19,
    "fields": {
      "date_created": "2019-09-11T08:50:13Z",
      "date_modified": "2019-09-11T08:50:13Z",
      "date_removed": null,
      "debut": "2019-09-11",
      "fin": "2019-09-20",
      "prix": 451.0,
      "base": true,
      "couleur": 10
    }
  },
  {
    "model": "SayaraApi.tarifcouleur",
    "pk": 20,
    "fields": {
      "date_created": "2019-09-11T08:50:35Z",
      "date_modified": "2019-09-11T08:50:35Z",
      "date_removed": null,
      "debut": "2019-09-11",
      "fin": "2019-09-20",
      "prix": 541.0,
      "base": true,
      "couleur": 8
    }
  },
  {
    "model": "SayaraApi.tarifcouleur",
    "pk": 21,
    "fields": {
      "date_created": "2019-09-11T08:50:50Z",
      "date_modified": "2019-09-11T08:50:50Z",
      "date_removed": null,
      "debut": "2019-09-11",
      "fin": "2019-09-20",
      "prix": 561.0,
      "base": true,
      "couleur": 6
    }
  },
  {
    "model": "SayaraApi.tarifcouleur",
    "pk": 22,
    "fields": {
      "date_created": "2019-09-11T08:52:52.129Z",
      "date_modified": "2019-09-11T08:52:52.129Z",
      "date_removed": null,
      "debut": "2019-08-01",
      "fin": "2019-09-30",
      "prix": 5000.0,
      "base": false,
      "couleur": 1
    }
  },
  {
    "model": "SayaraApi.tarifcouleur",
    "pk": 23,
    "fields": {
      "date_created": "2019-09-11T08:52:52.134Z",
      "date_modified": "2019-09-11T08:52:52.134Z",
      "date_removed": null,
      "debut": "2019-09-01",
      "fin": "2019-10-30",
      "prix": 3000.0,
      "base": false,
      "couleur": 1
    }
  },
  {
    "model": "SayaraApi.tarifcouleur",
    "pk": 24,
    "fields": {
      "date_created": "2019-09-11T12:34:04.227Z",
      "date_modified": "2019-09-11T12:34:04.227Z",
      "date_removed": null,
      "debut": "2019-08-01",
      "fin": "2019-09-30",
      "prix": 5000.0,
      "base": false,
      "couleur": 1
    }
  },
  {
    "model": "SayaraApi.tarifcouleur",
    "pk": 25,
    "fields": {
      "date_created": "2019-09-11T12:34:04.252Z",
      "date_modified": "2019-09-11T12:34:04.252Z",
      "date_removed": null,
      "debut": "2019-09-01",
      "fin": "2019-10-30",
      "prix": 3000.0,
      "base": false,
      "couleur": 1
    }
  },
  {
    "model": "SayaraApi.tarifcouleur",
    "pk": 57,
    "fields": {
      "date_created": "2019-09-14T10:45:11.670Z",
      "date_modified": "2019-09-14T10:45:11.670Z",
      "date_removed": null,
      "debut": "2019-08-01",
      "fin": "2019-09-30",
      "prix": 5000.0,
      "base": false,
      "couleur": 1
    }
  },
  {
    "model": "SayaraApi.tarifcouleur",
    "pk": 58,
    "fields": {
      "date_created": "2019-09-14T10:45:11.676Z",
      "date_modified": "2019-09-14T10:45:11.676Z",
      "date_removed": null,
      "debut": "2019-09-01",
      "fin": "2019-10-30",
      "prix": 3000.0,
      "base": false,
      "couleur": 1
    }
  },
  {
    "model": "SayaraApi.tarifcouleur",
    "pk": 59,
    "fields": {
      "date_created": "2019-09-14T13:17:02.392Z",
      "date_modified": "2019-09-14T13:17:02.392Z",
      "date_removed": null,
      "debut": "2019-08-01",
      "fin": "2019-09-30",
      "prix": 5000.0,
      "base": false,
      "couleur": 1
    }
  },
  {
    "model": "SayaraApi.tarifcouleur",
    "pk": 60,
    "fields": {
      "date_created": "2019-09-14T13:17:02.396Z",
      "date_modified": "2019-09-14T13:17:02.396Z",
      "date_removed": null,
      "debut": "2019-09-01",
      "fin": "2019-10-30",
      "prix": 3000.0,
      "base": false,
      "couleur": 1
    }
  },
  {
    "model": "SayaraApi.tarifcouleur",
    "pk": 61,
    "fields": {
      "date_created": "2019-09-14T21:45:10.984Z",
      "date_modified": "2019-09-14T21:45:10.984Z",
      "date_removed": null,
      "debut": "2019-08-01",
      "fin": "2019-09-30",
      "prix": 5000.0,
      "base": false,
      "couleur": 1
    }
  },
  {
    "model": "SayaraApi.tarifcouleur",
    "pk": 62,
    "fields": {
      "date_created": "2019-09-14T21:45:10.990Z",
      "date_modified": "2019-09-14T21:45:10.990Z",
      "date_removed": null,
      "debut": "2019-09-01",
      "fin": "2019-10-30",
      "prix": 3000.0,
      "base": false,
      "couleur": 1
    }
  },
  {
    "model": "SayaraApi.tarifcouleur",
    "pk": 63,
    "fields": {
      "date_created": "2019-09-15T12:15:35.721Z",
      "date_modified": "2019-09-15T12:15:35.721Z",
      "date_removed": null,
      "debut": "2019-08-01",
      "fin": "2019-09-30",
      "prix": 5000.0,
      "base": false,
      "couleur": 1
    }
  },
  {
    "model": "SayaraApi.tarifcouleur",
    "pk": 64,
    "fields": {
      "date_created": "2019-09-15T12:15:35.725Z",
      "date_modified": "2019-09-15T12:15:35.725Z",
      "date_removed": null,
      "debut": "2019-09-01",
      "fin": "2019-10-30",
      "prix": 3000.0,
      "base": false,
      "couleur": 1
    }
  },
  {
    "model": "SayaraApi.tarifcouleur",
    "pk": 65,
    "fields": {
      "date_created": "2019-09-15T12:15:54.787Z",
      "date_modified": "2019-09-15T12:15:54.787Z",
      "date_removed": null,
      "debut": "2019-08-01",
      "fin": "2019-09-30",
      "prix": 5000.0,
      "base": false,
      "couleur": 1
    }
  },
  {
    "model": "SayaraApi.tarifcouleur",
    "pk": 66,
    "fields": {
      "date_created": "2019-09-15T12:15:54.791Z",
      "date_modified": "2019-09-15T12:15:54.791Z",
      "date_removed": null,
      "debut": "2019-09-01",
      "fin": "2019-10-30",
      "prix": 3000.0,
      "base": false,
      "couleur": 1
    }
  },
  {
    "model": "SayaraApi.tarifcouleur",
    "pk": 67,
    "fields": {
      "date_created": "2019-09-15T12:18:04.737Z",
      "date_modified": "2019-09-15T12:18:04.737Z",
      "date_removed": null,
      "debut": "2019-08-01",
      "fin": "2019-09-30",
      "prix": 5000.0,
      "base": false,
      "couleur": 1
    }
  },
  {
    "model": "SayaraApi.tarifcouleur",
    "pk": 68,
    "fields": {
      "date_created": "2019-09-15T12:18:04.742Z",
      "date_modified": "2019-09-15T12:18:04.742Z",
      "date_removed": null,
      "debut": "2019-09-01",
      "fin": "2019-10-30",
      "prix": 3000.0,
      "base": false,
      "couleur": 1
    }
  },
  {
    "model": "SayaraApi.fichetechnique",
    "pk": 1,
    "fields": {
      "date_created": "2019-08-26T13:14:10Z",
      "date_modified": "2019-08-26T13:14:10Z",
      "date_removed": null,
      "nombrePortes": 5,
      "boiteVitesse": "Manuelle 6 rapports",
      "puissanceFiscale": "143ch 3500tr",
      "motorisation": "2.0 TDI Diesel 4 cylindres 1968cc",
      "consommation": "5.1",
      "dimensions": "Longueur 4255 mm Largueur 2027 mm Hauteur 1452 mm",
      "transmission": "manuelle",
      "capaciteReservoir": "55",
      "vitesseMaxi": 206,
      "acceleration": "9.1"
    }
  },
  {
    "model": "SayaraApi.fichetechnique",
    "pk": 2,
    "fields": {
      "date_created": "2019-08-27T15:46:53Z",
      "date_modified": "2019-08-27T15:46:53Z",
      "date_removed": null,
      "nombrePortes": 5,
      "boiteVitesse": "manuelle 5 vitesses",
      "puissanceFiscale": "92 ch",
      "motorisation": "4 cylindres en lignes 1560 cc",
      "consommation": "5.2/3.5/4.2 l/100km",
      "dimensions": "Longueur 3962 mm Largueur 2004 mm Hauteur 1460 mm Empattement 2538 mm",
      "transmission": "manuelle",
      "capaciteReservoir": "50",
      "vitesseMaxi": 183,
      "acceleration": "12"
    }
  },
  {
    "model": "SayaraApi.fichetechnique",
    "pk": 3,
    "fields": {
      "date_created": "2019-08-27T22:17:39Z",
      "date_modified": "2019-08-27T22:17:39Z",
      "date_removed": null,
      "nombrePortes": 5,
      "boiteVitesse": "manuelle 5 rapports",
      "puissanceFiscale": "76 ch",
      "motorisation": "Essence 1.2 cc  en ligne",
      "consommation": "5 / 3.6 / 4.1 l/100km",
      "dimensions": "Longueur 3780 mm Largueur 1665 mm Hauteur 1525 mm Empattement 2450 mm",
      "transmission": "manuelle",
      "capaciteReservoir": "41 l",
      "vitesseMaxi": 170,
      "acceleration": "13 s"
    }
  },
  {
    "model": "SayaraApi.fichetechnique",
    "pk": 4,
    "fields": {
      "date_created": "2019-08-27T22:27:02Z",
      "date_modified": "2019-08-27T22:27:02Z",
      "date_removed": null,
      "nombrePortes": 4,
      "boiteVitesse": "manuelle 5 rapports",
      "puissanceFiscale": "100 ch",
      "motorisation": "4 cylindres en lignes  1498 cc",
      "consommation": "NA",
      "dimensions": "Longueur 4455 mm Largueur 1695 mm Hauteur 1515 mm Empattement 2600 mm",
      "transmission": "manuelle",
      "capaciteReservoir": "41 l",
      "vitesseMaxi": 180,
      "acceleration": "11.3"
    }
  },
  {
    "model": "auth.permission",
    "pk": 1,
    "fields": {
      "name": "Can add log entry",
      "content_type": 1,
      "codename": "add_logentry"
    }
  },
  {
    "model": "auth.permission",
    "pk": 2,
    "fields": {
      "name": "Can change log entry",
      "content_type": 1,
      "codename": "change_logentry"
    }
  },
  {
    "model": "auth.permission",
    "pk": 3,
    "fields": {
      "name": "Can delete log entry",
      "content_type": 1,
      "codename": "delete_logentry"
    }
  },
  {
    "model": "auth.permission",
    "pk": 4,
    "fields": {
      "name": "Can view log entry",
      "content_type": 1,
      "codename": "view_logentry"
    }
  },
  {
    "model": "auth.permission",
    "pk": 5,
    "fields": {
      "name": "Can add permission",
      "content_type": 2,
      "codename": "add_permission"
    }
  },
  {
    "model": "auth.permission",
    "pk": 6,
    "fields": {
      "name": "Can change permission",
      "content_type": 2,
      "codename": "change_permission"
    }
  },
  {
    "model": "auth.permission",
    "pk": 7,
    "fields": {
      "name": "Can delete permission",
      "content_type": 2,
      "codename": "delete_permission"
    }
  },
  {
    "model": "auth.permission",
    "pk": 8,
    "fields": {
      "name": "Can view permission",
      "content_type": 2,
      "codename": "view_permission"
    }
  },
  {
    "model": "auth.permission",
    "pk": 9,
    "fields": {
      "name": "Can add group",
      "content_type": 3,
      "codename": "add_group"
    }
  },
  {
    "model": "auth.permission",
    "pk": 10,
    "fields": {
      "name": "Can change group",
      "content_type": 3,
      "codename": "change_group"
    }
  },
  {
    "model": "auth.permission",
    "pk": 11,
    "fields": {
      "name": "Can delete group",
      "content_type": 3,
      "codename": "delete_group"
    }
  },
  {
    "model": "auth.permission",
    "pk": 12,
    "fields": {
      "name": "Can view group",
      "content_type": 3,
      "codename": "view_group"
    }
  },
  {
    "model": "auth.permission",
    "pk": 13,
    "fields": {
      "name": "Can add user",
      "content_type": 4,
      "codename": "add_user"
    }
  },
  {
    "model": "auth.permission",
    "pk": 14,
    "fields": {
      "name": "Can change user",
      "content_type": 4,
      "codename": "change_user"
    }
  },
  {
    "model": "auth.permission",
    "pk": 15,
    "fields": {
      "name": "Can delete user",
      "content_type": 4,
      "codename": "delete_user"
    }
  },
  {
    "model": "auth.permission",
    "pk": 16,
    "fields": {
      "name": "Can view user",
      "content_type": 4,
      "codename": "view_user"
    }
  },
  {
    "model": "auth.permission",
    "pk": 17,
    "fields": {
      "name": "Can add content type",
      "content_type": 5,
      "codename": "add_contenttype"
    }
  },
  {
    "model": "auth.permission",
    "pk": 18,
    "fields": {
      "name": "Can change content type",
      "content_type": 5,
      "codename": "change_contenttype"
    }
  },
  {
    "model": "auth.permission",
    "pk": 19,
    "fields": {
      "name": "Can delete content type",
      "content_type": 5,
      "codename": "delete_contenttype"
    }
  },
  {
    "model": "auth.permission",
    "pk": 20,
    "fields": {
      "name": "Can view content type",
      "content_type": 5,
      "codename": "view_contenttype"
    }
  },
  {
    "model": "auth.permission",
    "pk": 21,
    "fields": {
      "name": "Can add session",
      "content_type": 6,
      "codename": "add_session"
    }
  },
  {
    "model": "auth.permission",
    "pk": 22,
    "fields": {
      "name": "Can change session",
      "content_type": 6,
      "codename": "change_session"
    }
  },
  {
    "model": "auth.permission",
    "pk": 23,
    "fields": {
      "name": "Can delete session",
      "content_type": 6,
      "codename": "delete_session"
    }
  },
  {
    "model": "auth.permission",
    "pk": 24,
    "fields": {
      "name": "Can view session",
      "content_type": 6,
      "codename": "view_session"
    }
  },
  {
    "model": "auth.permission",
    "pk": 25,
    "fields": {
      "name": "Can add Token",
      "content_type": 7,
      "codename": "add_token"
    }
  },
  {
    "model": "auth.permission",
    "pk": 26,
    "fields": {
      "name": "Can change Token",
      "content_type": 7,
      "codename": "change_token"
    }
  },
  {
    "model": "auth.permission",
    "pk": 27,
    "fields": {
      "name": "Can delete Token",
      "content_type": 7,
      "codename": "delete_token"
    }
  },
  {
    "model": "auth.permission",
    "pk": 28,
    "fields": {
      "name": "Can view Token",
      "content_type": 7,
      "codename": "view_token"
    }
  },
  {
    "model": "auth.permission",
    "pk": 29,
    "fields": {
      "name": "Can add image",
      "content_type": 8,
      "codename": "add_image"
    }
  },
  {
    "model": "auth.permission",
    "pk": 30,
    "fields": {
      "name": "Can change image",
      "content_type": 8,
      "codename": "change_image"
    }
  },
  {
    "model": "auth.permission",
    "pk": 31,
    "fields": {
      "name": "Can delete image",
      "content_type": 8,
      "codename": "delete_image"
    }
  },
  {
    "model": "auth.permission",
    "pk": 32,
    "fields": {
      "name": "Can view image",
      "content_type": 8,
      "codename": "view_image"
    }
  },
  {
    "model": "auth.permission",
    "pk": 33,
    "fields": {
      "name": "Can add marque",
      "content_type": 9,
      "codename": "add_marque"
    }
  },
  {
    "model": "auth.permission",
    "pk": 34,
    "fields": {
      "name": "Can change marque",
      "content_type": 9,
      "codename": "change_marque"
    }
  },
  {
    "model": "auth.permission",
    "pk": 35,
    "fields": {
      "name": "Can delete marque",
      "content_type": 9,
      "codename": "delete_marque"
    }
  },
  {
    "model": "auth.permission",
    "pk": 36,
    "fields": {
      "name": "Can view marque",
      "content_type": 9,
      "codename": "view_marque"
    }
  },
  {
    "model": "auth.permission",
    "pk": 37,
    "fields": {
      "name": "Can add ref version",
      "content_type": 10,
      "codename": "add_refversion"
    }
  },
  {
    "model": "auth.permission",
    "pk": 38,
    "fields": {
      "name": "Can change ref version",
      "content_type": 10,
      "codename": "change_refversion"
    }
  },
  {
    "model": "auth.permission",
    "pk": 39,
    "fields": {
      "name": "Can delete ref version",
      "content_type": 10,
      "codename": "delete_refversion"
    }
  },
  {
    "model": "auth.permission",
    "pk": 40,
    "fields": {
      "name": "Can view ref version",
      "content_type": 10,
      "codename": "view_refversion"
    }
  },
  {
    "model": "auth.permission",
    "pk": 41,
    "fields": {
      "name": "Can add version",
      "content_type": 11,
      "codename": "add_version"
    }
  },
  {
    "model": "auth.permission",
    "pk": 42,
    "fields": {
      "name": "Can change version",
      "content_type": 11,
      "codename": "change_version"
    }
  },
  {
    "model": "auth.permission",
    "pk": 43,
    "fields": {
      "name": "Can delete version",
      "content_type": 11,
      "codename": "delete_version"
    }
  },
  {
    "model": "auth.permission",
    "pk": 44,
    "fields": {
      "name": "Can view version",
      "content_type": 11,
      "codename": "view_version"
    }
  },
  {
    "model": "auth.permission",
    "pk": 45,
    "fields": {
      "name": "Can add ref modele",
      "content_type": 12,
      "codename": "add_refmodele"
    }
  },
  {
    "model": "auth.permission",
    "pk": 46,
    "fields": {
      "name": "Can change ref modele",
      "content_type": 12,
      "codename": "change_refmodele"
    }
  },
  {
    "model": "auth.permission",
    "pk": 47,
    "fields": {
      "name": "Can delete ref modele",
      "content_type": 12,
      "codename": "delete_refmodele"
    }
  },
  {
    "model": "auth.permission",
    "pk": 48,
    "fields": {
      "name": "Can view ref modele",
      "content_type": 12,
      "codename": "view_refmodele"
    }
  },
  {
    "model": "auth.permission",
    "pk": 49,
    "fields": {
      "name": "Can add modele",
      "content_type": 13,
      "codename": "add_modele"
    }
  },
  {
    "model": "auth.permission",
    "pk": 50,
    "fields": {
      "name": "Can change modele",
      "content_type": 13,
      "codename": "change_modele"
    }
  },
  {
    "model": "auth.permission",
    "pk": 51,
    "fields": {
      "name": "Can delete modele",
      "content_type": 13,
      "codename": "delete_modele"
    }
  },
  {
    "model": "auth.permission",
    "pk": 52,
    "fields": {
      "name": "Can view modele",
      "content_type": 13,
      "codename": "view_modele"
    }
  },
  {
    "model": "auth.permission",
    "pk": 53,
    "fields": {
      "name": "Can add annonce",
      "content_type": 14,
      "codename": "add_annonce"
    }
  },
  {
    "model": "auth.permission",
    "pk": 54,
    "fields": {
      "name": "Can change annonce",
      "content_type": 14,
      "codename": "change_annonce"
    }
  },
  {
    "model": "auth.permission",
    "pk": 55,
    "fields": {
      "name": "Can delete annonce",
      "content_type": 14,
      "codename": "delete_annonce"
    }
  },
  {
    "model": "auth.permission",
    "pk": 56,
    "fields": {
      "name": "Can view annonce",
      "content_type": 14,
      "codename": "view_annonce"
    }
  },
  {
    "model": "auth.permission",
    "pk": 57,
    "fields": {
      "name": "Can add fabricant",
      "content_type": 15,
      "codename": "add_fabricant"
    }
  },
  {
    "model": "auth.permission",
    "pk": 58,
    "fields": {
      "name": "Can change fabricant",
      "content_type": 15,
      "codename": "change_fabricant"
    }
  },
  {
    "model": "auth.permission",
    "pk": 59,
    "fields": {
      "name": "Can delete fabricant",
      "content_type": 15,
      "codename": "delete_fabricant"
    }
  },
  {
    "model": "auth.permission",
    "pk": 60,
    "fields": {
      "name": "Can view fabricant",
      "content_type": 15,
      "codename": "view_fabricant"
    }
  },
  {
    "model": "auth.permission",
    "pk": 61,
    "fields": {
      "name": "Can add profile",
      "content_type": 16,
      "codename": "add_profile"
    }
  },
  {
    "model": "auth.permission",
    "pk": 62,
    "fields": {
      "name": "Can change profile",
      "content_type": 16,
      "codename": "change_profile"
    }
  },
  {
    "model": "auth.permission",
    "pk": 63,
    "fields": {
      "name": "Can delete profile",
      "content_type": 16,
      "codename": "delete_profile"
    }
  },
  {
    "model": "auth.permission",
    "pk": 64,
    "fields": {
      "name": "Can view profile",
      "content_type": 16,
      "codename": "view_profile"
    }
  },
  {
    "model": "auth.permission",
    "pk": 65,
    "fields": {
      "name": "Can add ref couleur",
      "content_type": 17,
      "codename": "add_refcouleur"
    }
  },
  {
    "model": "auth.permission",
    "pk": 66,
    "fields": {
      "name": "Can change ref couleur",
      "content_type": 17,
      "codename": "change_refcouleur"
    }
  },
  {
    "model": "auth.permission",
    "pk": 67,
    "fields": {
      "name": "Can delete ref couleur",
      "content_type": 17,
      "codename": "delete_refcouleur"
    }
  },
  {
    "model": "auth.permission",
    "pk": 68,
    "fields": {
      "name": "Can view ref couleur",
      "content_type": 17,
      "codename": "view_refcouleur"
    }
  },
  {
    "model": "auth.permission",
    "pk": 69,
    "fields": {
      "name": "Can add couleur",
      "content_type": 18,
      "codename": "add_couleur"
    }
  },
  {
    "model": "auth.permission",
    "pk": 70,
    "fields": {
      "name": "Can change couleur",
      "content_type": 18,
      "codename": "change_couleur"
    }
  },
  {
    "model": "auth.permission",
    "pk": 71,
    "fields": {
      "name": "Can delete couleur",
      "content_type": 18,
      "codename": "delete_couleur"
    }
  },
  {
    "model": "auth.permission",
    "pk": 72,
    "fields": {
      "name": "Can view couleur",
      "content_type": 18,
      "codename": "view_couleur"
    }
  },
  {
    "model": "auth.permission",
    "pk": 73,
    "fields": {
      "name": "Can add ref option",
      "content_type": 19,
      "codename": "add_refoption"
    }
  },
  {
    "model": "auth.permission",
    "pk": 74,
    "fields": {
      "name": "Can change ref option",
      "content_type": 19,
      "codename": "change_refoption"
    }
  },
  {
    "model": "auth.permission",
    "pk": 75,
    "fields": {
      "name": "Can delete ref option",
      "content_type": 19,
      "codename": "delete_refoption"
    }
  },
  {
    "model": "auth.permission",
    "pk": 76,
    "fields": {
      "name": "Can view ref option",
      "content_type": 19,
      "codename": "view_refoption"
    }
  },
  {
    "model": "auth.permission",
    "pk": 77,
    "fields": {
      "name": "Can add option",
      "content_type": 20,
      "codename": "add_option"
    }
  },
  {
    "model": "auth.permission",
    "pk": 78,
    "fields": {
      "name": "Can change option",
      "content_type": 20,
      "codename": "change_option"
    }
  },
  {
    "model": "auth.permission",
    "pk": 79,
    "fields": {
      "name": "Can delete option",
      "content_type": 20,
      "codename": "delete_option"
    }
  },
  {
    "model": "auth.permission",
    "pk": 80,
    "fields": {
      "name": "Can view option",
      "content_type": 20,
      "codename": "view_option"
    }
  },
  {
    "model": "auth.permission",
    "pk": 81,
    "fields": {
      "name": "Can add vehicule occasion",
      "content_type": 21,
      "codename": "add_vehiculeoccasion"
    }
  },
  {
    "model": "auth.permission",
    "pk": 82,
    "fields": {
      "name": "Can change vehicule occasion",
      "content_type": 21,
      "codename": "change_vehiculeoccasion"
    }
  },
  {
    "model": "auth.permission",
    "pk": 83,
    "fields": {
      "name": "Can delete vehicule occasion",
      "content_type": 21,
      "codename": "delete_vehiculeoccasion"
    }
  },
  {
    "model": "auth.permission",
    "pk": 84,
    "fields": {
      "name": "Can view vehicule occasion",
      "content_type": 21,
      "codename": "view_vehiculeoccasion"
    }
  },
  {
    "model": "auth.permission",
    "pk": 85,
    "fields": {
      "name": "Can add vehicule neuf",
      "content_type": 22,
      "codename": "add_vehiculeneuf"
    }
  },
  {
    "model": "auth.permission",
    "pk": 86,
    "fields": {
      "name": "Can change vehicule neuf",
      "content_type": 22,
      "codename": "change_vehiculeneuf"
    }
  },
  {
    "model": "auth.permission",
    "pk": 87,
    "fields": {
      "name": "Can delete vehicule neuf",
      "content_type": 22,
      "codename": "delete_vehiculeneuf"
    }
  },
  {
    "model": "auth.permission",
    "pk": 88,
    "fields": {
      "name": "Can view vehicule neuf",
      "content_type": 22,
      "codename": "view_vehiculeneuf"
    }
  },
  {
    "model": "auth.permission",
    "pk": 89,
    "fields": {
      "name": "Can add tarif option",
      "content_type": 23,
      "codename": "add_tarifoption"
    }
  },
  {
    "model": "auth.permission",
    "pk": 90,
    "fields": {
      "name": "Can change tarif option",
      "content_type": 23,
      "codename": "change_tarifoption"
    }
  },
  {
    "model": "auth.permission",
    "pk": 91,
    "fields": {
      "name": "Can delete tarif option",
      "content_type": 23,
      "codename": "delete_tarifoption"
    }
  },
  {
    "model": "auth.permission",
    "pk": 92,
    "fields": {
      "name": "Can view tarif option",
      "content_type": 23,
      "codename": "view_tarifoption"
    }
  },
  {
    "model": "auth.permission",
    "pk": 93,
    "fields": {
      "name": "Can add tarif version",
      "content_type": 24,
      "codename": "add_tarifversion"
    }
  },
  {
    "model": "auth.permission",
    "pk": 94,
    "fields": {
      "name": "Can change tarif version",
      "content_type": 24,
      "codename": "change_tarifversion"
    }
  },
  {
    "model": "auth.permission",
    "pk": 95,
    "fields": {
      "name": "Can delete tarif version",
      "content_type": 24,
      "codename": "delete_tarifversion"
    }
  },
  {
    "model": "auth.permission",
    "pk": 96,
    "fields": {
      "name": "Can view tarif version",
      "content_type": 24,
      "codename": "view_tarifversion"
    }
  },
  {
    "model": "auth.permission",
    "pk": 97,
    "fields": {
      "name": "Can add tarif couleur",
      "content_type": 25,
      "codename": "add_tarifcouleur"
    }
  },
  {
    "model": "auth.permission",
    "pk": 98,
    "fields": {
      "name": "Can change tarif couleur",
      "content_type": 25,
      "codename": "change_tarifcouleur"
    }
  },
  {
    "model": "auth.permission",
    "pk": 99,
    "fields": {
      "name": "Can delete tarif couleur",
      "content_type": 25,
      "codename": "delete_tarifcouleur"
    }
  },
  {
    "model": "auth.permission",
    "pk": 100,
    "fields": {
      "name": "Can view tarif couleur",
      "content_type": 25,
      "codename": "view_tarifcouleur"
    }
  },
  {
    "model": "auth.permission",
    "pk": 101,
    "fields": {
      "name": "Can add ligne tarif",
      "content_type": 26,
      "codename": "add_lignetarif"
    }
  },
  {
    "model": "auth.permission",
    "pk": 102,
    "fields": {
      "name": "Can change ligne tarif",
      "content_type": 26,
      "codename": "change_lignetarif"
    }
  },
  {
    "model": "auth.permission",
    "pk": 103,
    "fields": {
      "name": "Can delete ligne tarif",
      "content_type": 26,
      "codename": "delete_lignetarif"
    }
  },
  {
    "model": "auth.permission",
    "pk": 104,
    "fields": {
      "name": "Can view ligne tarif",
      "content_type": 26,
      "codename": "view_lignetarif"
    }
  },
  {
    "model": "auth.permission",
    "pk": 105,
    "fields": {
      "name": "Can add fiche technique",
      "content_type": 27,
      "codename": "add_fichetechnique"
    }
  },
  {
    "model": "auth.permission",
    "pk": 106,
    "fields": {
      "name": "Can change fiche technique",
      "content_type": 27,
      "codename": "change_fichetechnique"
    }
  },
  {
    "model": "auth.permission",
    "pk": 107,
    "fields": {
      "name": "Can delete fiche technique",
      "content_type": 27,
      "codename": "delete_fichetechnique"
    }
  },
  {
    "model": "auth.permission",
    "pk": 108,
    "fields": {
      "name": "Can view fiche technique",
      "content_type": 27,
      "codename": "view_fichetechnique"
    }
  },
  {
    "model": "auth.permission",
    "pk": 109,
    "fields": {
      "name": "Can add offre",
      "content_type": 28,
      "codename": "add_offre"
    }
  },
  {
    "model": "auth.permission",
    "pk": 110,
    "fields": {
      "name": "Can change offre",
      "content_type": 28,
      "codename": "change_offre"
    }
  },
  {
    "model": "auth.permission",
    "pk": 111,
    "fields": {
      "name": "Can delete offre",
      "content_type": 28,
      "codename": "delete_offre"
    }
  },
  {
    "model": "auth.permission",
    "pk": 112,
    "fields": {
      "name": "Can view offre",
      "content_type": 28,
      "codename": "view_offre"
    }
  },
  {
    "model": "auth.permission",
    "pk": 113,
    "fields": {
      "name": "Can add commande",
      "content_type": 29,
      "codename": "add_commande"
    }
  },
  {
    "model": "auth.permission",
    "pk": 114,
    "fields": {
      "name": "Can change commande",
      "content_type": 29,
      "codename": "change_commande"
    }
  },
  {
    "model": "auth.permission",
    "pk": 115,
    "fields": {
      "name": "Can delete commande",
      "content_type": 29,
      "codename": "delete_commande"
    }
  },
  {
    "model": "auth.permission",
    "pk": 116,
    "fields": {
      "name": "Can view commande",
      "content_type": 29,
      "codename": "view_commande"
    }
  },
  {
    "model": "auth.user",
    "pk": 1,
    "fields": {
      "password": "pbkdf2_sha256$120000$G9zormg35Yms$KUxVJjGksbW4GHUakFh6Oeiz87Y4Oerg9UOos9LHHDQ=",
      "last_login": "2019-09-15T15:39:24.847Z",
      "is_superuser": true,
      "username": "admin",
      "first_name": "",
      "last_name": "",
      "email": "",
      "is_staff": true,
      "is_active": true,
      "date_joined": "2019-06-09T12:40:47.384Z",
      "groups": [],
      "user_permissions": []
    }
  },
  {
    "model": "auth.user",
    "pk": 2,
    "fields": {
      "password": "pbkdf2_sha256$120000$BwvSZV1qUeSX$9rkWjOokxRPqPlCgn3gcXXhPBwlgDSmtN02r7yQ7VTc=",
      "last_login": null,
      "is_superuser": false,
      "username": "user",
      "first_name": "",
      "last_name": "",
      "email": "",
      "is_staff": false,
      "is_active": true,
      "date_joined": "2019-06-09T14:03:10.641Z",
      "groups": [],
      "user_permissions": []
    }
  },
  {
    "model": "auth.user",
    "pk": 3,
    "fields": {
      "password": "pbkdf2_sha256$120000$9bSdyGYeuGkY$iAobWGykbgh69TOpuidQsOQhURvcaFH+1Lcu1w+GmgM=",
      "last_login": null,
      "is_superuser": false,
      "username": "automobiliste1",
      "first_name": "",
      "last_name": "",
      "email": "",
      "is_staff": false,
      "is_active": true,
      "date_joined": "2019-08-29T12:50:22.735Z",
      "groups": [],
      "user_permissions": []
    }
  },
  {
    "model": "auth.user",
    "pk": 4,
    "fields": {
      "password": "pbkdf2_sha256$120000$wdHvA1rkYxSI$unRtsqlY519g52R6z6kNtcD5ZKVfgzqGcJL8exL62/M=",
      "last_login": null,
      "is_superuser": false,
      "username": "automobiliste2",
      "first_name": "",
      "last_name": "",
      "email": "",
      "is_staff": false,
      "is_active": true,
      "date_joined": "2019-08-29T12:51:49.290Z",
      "groups": [],
      "user_permissions": []
    }
  },
  {
    "model": "auth.user",
    "pk": 5,
    "fields": {
      "password": "pbkdf2_sha256$120000$obSDprVN8egO$Mmizsehnp3IO716OLXvM+/Z0p3JtjiXy4mC8QRUv1RA=",
      "last_login": "2019-09-15T10:22:12.820Z",
      "is_superuser": false,
      "username": "uservw1",
      "first_name": "",
      "last_name": "",
      "email": "",
      "is_staff": false,
      "is_active": true,
      "date_joined": "2019-08-29T12:52:39.435Z",
      "groups": [],
      "user_permissions": []
    }
  },
  {
    "model": "auth.user",
    "pk": 11,
    "fields": {
      "password": "",
      "last_login": null,
      "is_superuser": false,
      "username": "MADJDA ZERROUK",
      "first_name": "",
      "last_name": "",
      "email": "fm_zerrouk@esi.dz",
      "is_staff": false,
      "is_active": true,
      "date_joined": "2019-09-14T10:08:34.095Z",
      "groups": [],
      "user_permissions": []
    }
  },
  {
    "model": "auth.user",
    "pk": 83,
    "fields": {
      "password": "",
      "last_login": null,
      "is_superuser": false,
      "username": "Madjda Zerrouk",
      "first_name": "",
      "last_name": "",
      "email": "",
      "is_staff": false,
      "is_active": true,
      "date_joined": "2019-09-14T16:13:47.976Z",
      "groups": [],
      "user_permissions": []
    }
  },
  {
    "model": "auth.user",
    "pk": 84,
    "fields": {
      "password": "",
      "last_login": null,
      "is_superuser": false,
      "username": "Nadjib Souab",
      "first_name": "",
      "last_name": "",
      "email": "",
      "is_staff": false,
      "is_active": true,
      "date_joined": "2019-09-14T20:10:38.389Z",
      "groups": [],
      "user_permissions": []
    }
  },
  {
    "model": "authtoken.token",
    "pk": "7cb992a13c4cd110c521d482d54e9f9b9c56b2a7",
    "fields": {
      "user": 5,
      "created": "2019-09-10T09:49:11.570Z"
    }
  },
  {
    "model": "authtoken.token",
    "pk": "9533faa8a382b17bfbaee2e7e9ec677aaf0e4c39",
    "fields": {
      "user": 1,
      "created": "2019-09-10T09:48:53.272Z"
    }
  },
  {
    "model": "SayaraApi.annonce",
    "pk": 1,
    "fields": {
      "date_created": "2019-08-29T12:48:49Z",
      "date_modified": "2019-08-29T12:48:49Z",
      "date_removed": null,
      "titre": "passat 2009",
      "prix": 120,
      "commentaires": "fiha voile",
      "vehicule": 1,
      "user": 3
    }
  },
  {
    "model": "SayaraApi.annonce",
    "pk": 2,
    "fields": {
      "date_created": "2019-08-29T12:50:28Z",
      "date_modified": "2019-08-29T12:50:28Z",
      "date_removed": null,
      "titre": "Tiguan",
      "prix": 250,
      "commentaires": "haja chaba",
      "vehicule": 2,
      "user": 4
    }
  },
  {
    "model": "SayaraApi.annonce",
    "pk": 3,
    "fields": {
      "date_created": "2019-09-10T19:03:04.322Z",
      "date_modified": "2019-09-10T19:03:04.322Z",
      "date_removed": null,
      "titre": "Test inseriton de l'annonce",
      "prix": 4567,
      "commentaires": "Ceci est un text aleatoire juste pour tester",
      "vehicule": 3,
      "user": 1
    }
  },
  {
    "model": "SayaraApi.annonce",
    "pk": 5,
    "fields": {
      "date_created": "2019-09-14T12:08:28.811Z",
      "date_modified": "2019-09-14T12:08:28.811Z",
      "date_removed": null,
      "titre": "annones 1",
      "prix": 1000,
      "commentaires": "prix choc",
      "vehicule": 52,
      "user": 11
    }
  },
  {
    "model": "SayaraApi.annonce",
    "pk": 6,
    "fields": {
      "date_created": "2019-09-14T12:13:08.706Z",
      "date_modified": "2019-09-14T12:13:08.706Z",
      "date_removed": null,
      "titre": "Peugeot 208 Tech Vision 1.6 HDI 92ch",
      "prix": 5000,
      "commentaires": "Prix choc",
      "vehicule": 53,
      "user": 11
    }
  },
  {
    "model": "SayaraApi.annonce",
    "pk": 8,
    "fields": {
      "date_created": "2019-09-14T12:17:03.108Z",
      "date_modified": "2019-09-14T12:17:03.108Z",
      "date_removed": null,
      "titre": "annonce3",
      "prix": 2000,
      "commentaires": "haylaa",
      "vehicule": 55,
      "user": 11
    }
  },
  {
    "model": "SayaraApi.annonce",
    "pk": 13,
    "fields": {
      "date_created": "2019-09-15T10:35:52.008Z",
      "date_modified": "2019-09-15T10:35:52.008Z",
      "date_removed": null,
      "titre": "TestINsertion",
      "prix": 45678,
      "commentaires": "TestINlksd",
      "vehicule": 1,
      "user": 5
    }
  },
  {
    "model": "SayaraApi.annonce",
    "pk": 14,
    "fields": {
      "date_created": "2019-09-15T13:49:18.428Z",
      "date_modified": "2019-09-15T13:49:18.428Z",
      "date_removed": null,
      "titre": "test",
      "prix": 2555,
      "commentaires": "test",
      "vehicule": 62,
      "user": 83
    }
  },
  {
    "model": "SayaraApi.annonce",
    "pk": 16,
    "fields": {
      "date_created": "2019-09-15T13:56:23.786Z",
      "date_modified": "2019-09-15T13:56:23.786Z",
      "date_removed": null,
      "titre": "titre",
      "prix": 100,
      "commentaires": "ghh",
      "vehicule": 64,
      "user": 83
    }
  },
  {
    "model": "SayaraApi.annonce",
    "pk": 18,
    "fields": {
      "date_created": "2019-09-15T15:30:33.165Z",
      "date_modified": "2019-09-15T15:30:33.165Z",
      "date_removed": null,
      "titre": "test",
      "prix": 352,
      "commentaires": "test",
      "vehicule": 66,
      "user": 83
    }
  },
  {
    "model": "SayaraApi.annonce",
    "pk": 19,
    "fields": {
      "date_created": "2019-09-15T15:32:31.210Z",
      "date_modified": "2019-09-15T15:32:31.210Z",
      "date_removed": null,
      "titre": "annonce",
      "prix": 258,
      "commentaires": "prix choc",
      "vehicule": 67,
      "user": 83
    }
  },
  {
    "model": "SayaraApi.annonce",
    "pk": 20,
    "fields": {
      "date_created": "2019-09-15T15:44:43.296Z",
      "date_modified": "2019-09-15T15:44:43.296Z",
      "date_removed": null,
      "titre": "an",
      "prix": 25,
      "commentaires": "ij",
      "vehicule": 68,
      "user": 83
    }
  },
  {
    "model": "SayaraApi.annonce",
    "pk": 21,
    "fields": {
      "date_created": "2019-09-15T15:50:39.262Z",
      "date_modified": "2019-09-15T15:50:39.262Z",
      "date_removed": null,
      "titre": "madj",
      "prix": 25,
      "commentaires": "da",
      "vehicule": 69,
      "user": 83
    }
  },
  {
    "model": "SayaraApi.annonce",
    "pk": 22,
    "fields": {
      "date_created": "2019-09-15T15:54:28.333Z",
      "date_modified": "2019-09-15T15:54:28.333Z",
      "date_removed": null,
      "titre": "madjda",
      "prix": 255,
      "commentaires": "ij",
      "vehicule": 70,
      "user": 83
    }
  },
  {
    "model": "SayaraApi.annonce",
    "pk": 23,
    "fields": {
      "date_created": "2019-09-15T16:02:47.662Z",
      "date_modified": "2019-09-15T16:02:47.662Z",
      "date_removed": null,
      "titre": "mijouu",
      "prix": 25888,
      "commentaires": "test",
      "vehicule": 71,
      "user": 83
    }
  },
  {
    "model": "SayaraApi.profile",
    "pk": 1,
    "fields": {
      "date_created": "2019-08-29T12:49:57Z",
      "date_modified": "2019-08-29T12:49:57Z",
      "date_removed": null,
      "user": 3,
      "is_fabricant": false,
      "is_client": true,
      "fabricant": null
    }
  },
  {
    "model": "SayaraApi.profile",
    "pk": 2,
    "fields": {
      "date_created": "2019-08-29T12:51:30Z",
      "date_modified": "2019-08-29T12:51:30Z",
      "date_removed": null,
      "user": 4,
      "is_fabricant": false,
      "is_client": true,
      "fabricant": null
    }
  },
  {
    "model": "SayaraApi.profile",
    "pk": 3,
    "fields": {
      "date_created": "2019-08-29T12:51:57Z",
      "date_modified": "2019-08-29T12:51:57Z",
      "date_removed": null,
      "user": 5,
      "is_fabricant": true,
      "is_client": false,
      "fabricant": 4
    }
  }
]