[
  {
    "model": "contenttypes.contenttype",
    "pk": 1,
    "fields": {
      "app_label": "admin",
      "model": "logentry"
    }
  },
  {
    "model": "contenttypes.contenttype",
    "pk": 2,
    "fields": {
      "app_label": "auth",
      "model": "permission"
    }
  },
  {
    "model": "contenttypes.contenttype",
    "pk": 3,
    "fields": {
      "app_label": "auth",
      "model": "group"
    }
  },
  {
    "model": "contenttypes.contenttype",
    "pk": 4,
    "fields": {
      "app_label": "auth",
      "model": "user"
    }
  },
  {
    "model": "contenttypes.contenttype",
    "pk": 5,
    "fields": {
      "app_label": "contenttypes",
      "model": "contenttype"
    }
  },
  {
    "model": "contenttypes.contenttype",
    "pk": 6,
    "fields": {
      "app_label": "sessions",
      "model": "session"
    }
  },
  {
    "model": "contenttypes.contenttype",
    "pk": 7,
    "fields": {
      "app_label": "authtoken",
      "model": "token"
    }
  },
  {
    "model": "contenttypes.contenttype",
    "pk": 8,
    "fields": {
      "app_label": "SayaraApi",
      "model": "image"
    }
  },
  {
    "model": "contenttypes.contenttype",
    "pk": 9,
    "fields": {
      "app_label": "SayaraApi",
      "model": "marque"
    }
  },
  {
    "model": "contenttypes.contenttype",
    "pk": 10,
    "fields": {
      "app_label": "SayaraApi",
      "model": "refversion"
    }
  },
  {
    "model": "contenttypes.contenttype",
    "pk": 11,
    "fields": {
      "app_label": "SayaraApi",
      "model": "version"
    }
  },
  {
    "model": "contenttypes.contenttype",
    "pk": 12,
    "fields": {
      "app_label": "SayaraApi",
      "model": "refmodele"
    }
  },
  {
    "model": "contenttypes.contenttype",
    "pk": 13,
    "fields": {
      "app_label": "SayaraApi",
      "model": "modele"
    }
  },
  {
    "model": "contenttypes.contenttype",
    "pk": 14,
    "fields": {
      "app_label": "SayaraApi",
      "model": "annonce"
    }
  },
  {
    "model": "contenttypes.contenttype",
    "pk": 15,
    "fields": {
      "app_label": "SayaraApi",
      "model": "fabricant"
    }
  },
  {
    "model": "contenttypes.contenttype",
    "pk": 16,
    "fields": {
      "app_label": "SayaraApi",
      "model": "profile"
    }
  },
  {
    "model": "contenttypes.contenttype",
    "pk": 17,
    "fields": {
      "app_label": "SayaraApi",
      "model": "refcouleur"
    }
  },
  {
    "model": "contenttypes.contenttype",
    "pk": 18,
    "fields": {
      "app_label": "SayaraApi",
      "model": "couleur"
    }
  },
  {
    "model": "contenttypes.contenttype",
    "pk": 19,
    "fields": {
      "app_label": "SayaraApi",
      "model": "refoption"
    }
  },
  {
    "model": "contenttypes.contenttype",
    "pk": 20,
    "fields": {
      "app_label": "SayaraApi",
      "model": "option"
    }
  },
  {
    "model": "contenttypes.contenttype",
    "pk": 21,
    "fields": {
      "app_label": "SayaraApi",
      "model": "vehiculeoccasion"
    }
  },
  {
    "model": "contenttypes.contenttype",
    "pk": 22,
    "fields": {
      "app_label": "SayaraApi",
      "model": "vehiculeneuf"
    }
  },
  {
    "model": "contenttypes.contenttype",
    "pk": 23,
    "fields": {
      "app_label": "SayaraApi",
      "model": "tarifoption"
    }
  },
  {
    "model": "contenttypes.contenttype",
    "pk": 24,
    "fields": {
      "app_label": "SayaraApi",
      "model": "tarifversion"
    }
  },
  {
    "model": "contenttypes.contenttype",
    "pk": 25,
    "fields": {
      "app_label": "SayaraApi",
      "model": "tarifcouleur"
    }
  },
  {
    "model": "contenttypes.contenttype",
    "pk": 26,
    "fields": {
      "app_label": "SayaraApi",
      "model": "lignetarif"
    }
  },
  {
    "model": "contenttypes.contenttype",
    "pk": 27,
    "fields": {
      "app_label": "SayaraApi",
      "model": "fichetechnique"
    }
  },
  {
    "model": "contenttypes.contenttype",
    "pk": 28,
    "fields": {
      "app_label": "SayaraApi",
      "model": "offre"
    }
  },
  {
    "model": "contenttypes.contenttype",
    "pk": 29,
    "fields": {
      "app_label": "SayaraApi",
      "model": "commande"
    }
  },
  {
    "model": "sessions.session",
    "pk": "sjup2ssxd6vsmxsiuh91hdy74xqx559v",
    "fields": {
      "session_data": "OGJmNjI1MTQ1ZGMxNzA2YjI1MTg5MzAyMmZmYWQyNmQyMGE0Njk3Mzp7Il9hdXRoX3VzZXJfaWQiOiIxIiwiX2F1dGhfdXNlcl9iYWNrZW5kIjoiZGphbmdvLmNvbnRyaWIuYXV0aC5iYWNrZW5kcy5Nb2RlbEJhY2tlbmQiLCJfYXV0aF91c2VyX2hhc2giOiJlZDUwNGQ4YzM5ZjI5MDdmYjQxYTRhNDEwZTMyMzRiMDIyZTk2ZGNhIn0=",
      "expire_date": "2019-09-10T15:06:35.262Z"
    }
  },
  {
    "model": "SayaraApi.image",
    "pk": 1,
    "fields": {
      "date_created": "2019-08-27T15:17:46Z",
      "date_modified": "2019-08-27T15:17:46Z",
      "date_removed": null,
      "image": "images/vehicules/3185_rHiwLYu.png"
    }
  },
  {
    "model": "SayaraApi.image",
    "pk": 2,
    "fields": {
      "date_created": "2019-08-27T15:25:33Z",
      "date_modified": "2019-08-27T15:25:33Z",
      "date_removed": null,
      "image": "images/vehicules/3290.png"
    }
  },
  {
    "model": "SayaraApi.image",
    "pk": 3,
    "fields": {
      "date_created": "2019-08-27T15:33:14Z",
      "date_modified": "2019-08-27T15:33:14Z",
      "date_removed": null,
      "image": "images/vehicules/3230_ZwwiwtH.png"
    }
  },
  {
    "model": "SayaraApi.image",
    "pk": 4,
    "fields": {
      "date_created": "2019-08-27T22:23:57Z",
      "date_modified": "2019-08-27T22:23:57Z",
      "date_removed": null,
      "image": "images/vehicules/2803.png"
    }
  },
  {
    "model": "SayaraApi.image",
    "pk": 5,
    "fields": {
      "date_created": "2019-08-27T22:26:43Z",
      "date_modified": "2019-08-27T22:26:43Z",
      "date_removed": null,
      "image": "images/vehicules/2720.png"
    }
  },
  {
    "model": "SayaraApi.marque",
    "pk": 1,
    "fields": {
      "date_created": "2019-08-27T15:06:10.210Z",
      "date_modified": "2019-08-27T15:06:10.210Z",
      "date_removed": null,
      "nom": "BMW",
      "image": "marque/images/"
    }
  },
  {
    "model": "SayaraApi.marque",
    "pk": 2,
    "fields": {
      "date_created": "2019-08-27T15:06:10.214Z",
      "date_modified": "2019-08-27T15:06:10.214Z",
      "date_removed": null,
      "nom": "Audi",
      "image": "marque/images/"
    }
  },
  {
    "model": "SayaraApi.marque",
    "pk": 3,
    "fields": {
      "date_created": "2019-08-27T15:06:10.214Z",
      "date_modified": "2019-08-27T15:06:10.214Z",
      "date_removed": null,
      "nom": "Mercedes-Benz",
      "image": "marque/images/"
    }
  },
  {
    "model": "SayaraApi.marque",
    "pk": 4,
    "fields": {
      "date_created": "2019-08-27T15:06:10.214Z",
      "date_modified": "2019-08-27T15:06:10.214Z",
      "date_removed": null,
      "nom": "Honda",
      "image": "marque/images/"
    }
  },
  {
    "model": "SayaraApi.marque",
    "pk": 5,
    "fields": {
      "date_created": "2019-08-27T15:06:10.214Z",
      "date_modified": "2019-08-27T15:06:10.214Z",
      "date_removed": null,
      "nom": "Renault",
      "image": "marque/images/"
    }
  },
  {
    "model": "SayaraApi.marque",
    "pk": 6,
    "fields": {
      "date_created": "2019-08-27T15:06:10.218Z",
      "date_modified": "2019-08-27T15:06:10.218Z",
      "date_removed": null,
      "nom": "Nissan",
      "image": "marque/images/"
    }
  },
  {
    "model": "SayaraApi.marque",
    "pk": 7,
    "fields": {
      "date_created": "2019-08-27T15:06:10.218Z",
      "date_modified": "2019-08-27T15:06:10.218Z",
      "date_removed": null,
      "nom": "GMC",
      "image": "marque/images/"
    }
  },
  {
    "model": "SayaraApi.marque",
    "pk": 8,
    "fields": {
      "date_created": "2019-08-27T15:06:10.218Z",
      "date_modified": "2019-08-27T15:06:10.218Z",
      "date_removed": null,
      "nom": "Mercury",
      "image": "marque/images/"
    }
  },
  {
    "model": "SayaraApi.marque",
    "pk": 9,
    "fields": {
      "date_created": "2019-08-27T15:06:10.218Z",
      "date_modified": "2019-08-27T15:06:10.218Z",
      "date_removed": null,
      "nom": "Nissan",
      "image": "marque/images/"
    }
  },
  {
    "model": "SayaraApi.marque",
    "pk": 10,
    "fields": {
      "date_created": "2019-08-27T15:06:10.218Z",
      "date_modified": "2019-08-27T15:06:10.218Z",
      "date_removed": null,
      "nom": "Kia",
      "image": "marque/images/"
    }
  },
  {
    "model": "SayaraApi.marque",
    "pk": 11,
    "fields": {
      "date_created": "2019-08-27T15:06:10.218Z",
      "date_modified": "2019-08-27T15:06:10.218Z",
      "date_removed": null,
      "nom": "Infiniti",
      "image": "marque/images/"
    }
  },
  {
    "model": "SayaraApi.marque",
    "pk": 12,
    "fields": {
      "date_created": "2019-08-27T15:06:10.218Z",
      "date_modified": "2019-08-27T15:06:10.218Z",
      "date_removed": null,
      "nom": "Infiniti",
      "image": "marque/images/"
    }
  },
  {
    "model": "SayaraApi.marque",
    "pk": 13,
    "fields": {
      "date_created": "2019-08-27T15:06:10.222Z",
      "date_modified": "2019-08-27T15:06:10.222Z",
      "date_removed": null,
      "nom": "Dodge",
      "image": "marque/images/"
    }
  },
  {
    "model": "SayaraApi.marque",
    "pk": 14,
    "fields": {
      "date_created": "2019-08-27T15:06:10.222Z",
      "date_modified": "2019-08-27T15:06:10.222Z",
      "date_removed": null,
      "nom": "Ford",
      "image": "marque/images/"
    }
  },
  {
    "model": "SayaraApi.marque",
    "pk": 15,
    "fields": {
      "date_created": "2019-08-27T15:06:10.222Z",
      "date_modified": "2019-08-27T15:06:10.222Z",
      "date_removed": null,
      "nom": "GMC",
      "image": "marque/images/"
    }
  },
  {
    "model": "SayaraApi.marque",
    "pk": 16,
    "fields": {
      "date_created": "2019-08-27T15:06:10.222Z",
      "date_modified": "2019-08-27T15:06:10.222Z",
      "date_removed": null,
      "nom": "Ford",
      "image": "marque/images/"
    }
  },
  {
    "model": "SayaraApi.marque",
    "pk": 17,
    "fields": {
      "date_created": "2019-08-27T15:06:10.222Z",
      "date_modified": "2019-08-27T15:06:10.222Z",
      "date_removed": null,
      "nom": "Chevrolet",
      "image": "marque/images/"
    }
  },
  {
    "model": "SayaraApi.marque",
    "pk": 18,
    "fields": {
      "date_created": "2019-08-27T15:06:10.222Z",
      "date_modified": "2019-08-27T15:06:10.222Z",
      "date_removed": null,
      "nom": "Maybach",
      "image": "marque/images/"
    }
  },
  {
    "model": "SayaraApi.marque",
    "pk": 19,
    "fields": {
      "date_created": "2019-08-27T15:06:10.222Z",
      "date_modified": "2019-08-27T15:06:10.222Z",
      "date_removed": null,
      "nom": "Maybach",
      "image": "marque/images/"
    }
  },
  {
    "model": "SayaraApi.marque",
    "pk": 20,
    "fields": {
      "date_created": "2019-08-27T15:06:10.222Z",
      "date_modified": "2019-08-27T15:06:10.222Z",
      "date_removed": null,
      "nom": "Peugeot",
      "image": "marque/images/"
    }
  },
  {
    "model": "SayaraApi.marque",
    "pk": 21,
    "fields": {
      "date_created": "2019-08-27T15:06:10.222Z",
      "date_modified": "2019-08-27T15:06:10.222Z",
      "date_removed": null,
      "nom": "Renault",
      "image": "marque/images/Capture_du_2019-05-27_16-44-08.png"
    }
  },
  {
    "model": "SayaraApi.marque",
    "pk": 22,
    "fields": {
      "date_created": "2019-08-27T15:06:41Z",
      "date_modified": "2019-08-27T15:06:41Z",
      "date_removed": null,
      "nom": "Volkswagen",
      "image": "images/vehicules/voiture.jpg"
    }
  },
  {
    "model": "SayaraApi.refversion",
    "pk": "Allure",
    "fields": {
      "date_created": "2019-08-27T15:06:10.230Z",
      "date_modified": "2019-08-27T15:06:10.230Z",
      "date_removed": null
    }
  },
  {
    "model": "SayaraApi.refversion",
    "pk": "Carat",
    "fields": {
      "date_created": "2019-08-29T12:49:27Z",
      "date_modified": "2019-08-29T12:49:27Z",
      "date_removed": null
    }
  },
  {
    "model": "SayaraApi.refversion",
    "pk": "GTLine",
    "fields": {
      "date_created": "2019-08-27T15:06:10.230Z",
      "date_modified": "2019-08-27T15:06:10.230Z",
      "date_removed": null
    }
  },
  {
    "model": "SayaraApi.refversion",
    "pk": "Memphis",
    "fields": {
      "date_created": "2019-08-27T15:24:17Z",
      "date_modified": "2019-08-27T15:24:17Z",
      "date_removed": null
    }
  },
  {
    "model": "SayaraApi.refversion",
    "pk": "RLine",
    "fields": {
      "date_created": "2019-08-27T15:06:10.230Z",
      "date_modified": "2019-08-27T15:06:10.230Z",
      "date_removed": null
    }
  },
  {
    "model": "SayaraApi.refversion",
    "pk": "SLine",
    "fields": {
      "date_created": "2019-08-27T15:06:10.230Z",
      "date_modified": "2019-08-27T15:06:10.230Z",
      "date_removed": null
    }
  },
  {
    "model": "SayaraApi.refversion",
    "pk": "Sport",
    "fields": {
      "date_created": "2019-08-27T15:06:10.230Z",
      "date_modified": "2019-08-27T15:06:10.230Z",
      "date_removed": null
    }
  },
  {
    "model": "SayaraApi.refversion",
    "pk": "TT",
    "fields": {
      "date_created": "2019-08-27T15:06:10.230Z",
      "date_modified": "2019-08-27T15:06:10.230Z",
      "date_removed": null
    }
  },
  {
    "model": "SayaraApi.refversion",
    "pk": "Tech Vision",
    "fields": {
      "date_created": "2019-08-27T15:32:07Z",
      "date_modified": "2019-08-27T15:32:07Z",
      "date_removed": null
    }
  },
  {
    "model": "SayaraApi.refversion",
    "pk": "Visia",
    "fields": {
      "date_created": "2019-08-27T22:16:35Z",
      "date_modified": "2019-08-27T22:16:35Z",
      "date_removed": null
    }
  },
  {
    "model": "SayaraApi.refversion",
    "pk": "Visia+",
    "fields": {
      "date_created": "2019-08-27T22:16:35Z",
      "date_modified": "2019-08-27T22:16:35Z",
      "date_removed": null
    }
  },
  {
    "model": "SayaraApi.refversion",
    "pk": "g7memphis",
    "fields": {
      "date_created": "2019-08-27T15:24:17Z",
      "date_modified": "2019-08-27T15:24:17Z",
      "date_removed": null
    }
  },
  {
    "model": "SayaraApi.refversion",
    "pk": "start+",
    "fields": {
      "date_created": "2019-08-27T15:17:17Z",
      "date_modified": "2019-08-27T15:17:17Z",
      "date_removed": null
    }
  },
  {
    "model": "SayaraApi.version",
    "pk": "208techvision",
    "fields": {
      "date_created": "2019-08-27T15:46:06Z",
      "date_modified": "2019-08-27T15:46:06Z",
      "date_removed": null,
      "ref": "Tech Vision",
      "images": 3,
      "modele": 1,
      "prix_base": 270,
      "ficheTechnique": 2,
      "options": [
        "208to"
      ],
      "couleur": [
        6
      ]
    }
  },
  {
    "model": "SayaraApi.version",
    "pk": "g7memphis",
    "fields": {
      "date_created": "2019-08-27T15:24:01Z",
      "date_modified": "2019-08-27T15:24:01Z",
      "date_removed": null,
      "ref": "Memphis",
      "images": 2,
      "modele": 2,
      "prix_base": 325,
      "ficheTechnique": 1,
      "options": [],
      "couleur": [
        1,
        2,
        3,
        4,
        5
      ]
    }
  },
  {
    "model": "SayaraApi.version",
    "pk": "g7startp",
    "fields": {
      "date_created": "2019-08-27T15:15:07Z",
      "date_modified": "2019-08-27T15:15:07Z",
      "date_removed": null,
      "ref": "start+",
      "images": 1,
      "modele": 2,
      "prix_base": 330,
      "ficheTechnique": 1,
      "options": [],
      "couleur": [
        1,
        2,
        3,
        4,
        5
      ]
    }
  },
  {
    "model": "SayaraApi.version",
    "pk": "micravisia",
    "fields": {
      "date_created": "2019-08-27T22:16:00Z",
      "date_modified": "2019-08-27T22:16:00Z",
      "date_removed": null,
      "ref": "Visia+",
      "images": 4,
      "modele": 7,
      "prix_base": 199,
      "ficheTechnique": 3,
      "options": [],
      "couleur": [
        7,
        8
      ]
    }
  },
  {
    "model": "SayaraApi.version",
    "pk": "sunnyvisia",
    "fields": {
      "date_created": "2019-08-27T22:24:31Z",
      "date_modified": "2019-08-27T22:24:31Z",
      "date_removed": null,
      "ref": "Visia",
      "images": 5,
      "modele": 8,
      "prix_base": 220,
      "ficheTechnique": 4,
      "options": [],
      "couleur": [
        9,
        10
      ]
    }
  },
  {
    "model": "SayaraApi.refmodele",
    "pk": 31,
    "fields": {
      "date_created": "2019-08-27T15:06:10.238Z",
      "date_modified": "2019-08-27T15:06:10.238Z",
      "date_removed": null,
      "nom": "301",
      "marque": 20
    }
  },
  {
    "model": "SayaraApi.refmodele",
    "pk": 32,
    "fields": {
      "date_created": "2019-08-27T15:06:10.242Z",
      "date_modified": "2019-08-27T15:06:10.242Z",
      "date_removed": null,
      "nom": "308",
      "marque": 20
    }
  },
  {
    "model": "SayaraApi.refmodele",
    "pk": 33,
    "fields": {
      "date_created": "2019-08-27T15:06:10.242Z",
      "date_modified": "2019-08-27T15:06:10.242Z",
      "date_removed": null,
      "nom": "A7",
      "marque": 2
    }
  },
  {
    "model": "SayaraApi.refmodele",
    "pk": 34,
    "fields": {
      "date_created": "2019-08-27T15:11:41Z",
      "date_modified": "2019-08-27T15:11:41Z",
      "date_removed": null,
      "nom": "208",
      "marque": 20
    }
  },
  {
    "model": "SayaraApi.refmodele",
    "pk": 35,
    "fields": {
      "date_created": "2019-08-27T15:11:52Z",
      "date_modified": "2019-08-27T15:11:52Z",
      "date_removed": null,
      "nom": "Golf 7",
      "marque": 22
    }
  },
  {
    "model": "SayaraApi.refmodele",
    "pk": 36,
    "fields": {
      "date_created": "2019-08-27T15:12:02Z",
      "date_modified": "2019-08-27T15:12:02Z",
      "date_removed": null,
      "nom": "Polo",
      "marque": 22
    }
  },
  {
    "model": "SayaraApi.refmodele",
    "pk": 37,
    "fields": {
      "date_created": "2019-08-27T15:12:23Z",
      "date_modified": "2019-08-27T15:12:23Z",
      "date_removed": null,
      "nom": "Caddy",
      "marque": 22
    }
  },
  {
    "model": "SayaraApi.refmodele",
    "pk": 38,
    "fields": {
      "date_created": "2019-08-27T15:13:15Z",
      "date_modified": "2019-08-27T15:13:15Z",
      "date_removed": null,
      "nom": "Passat",
      "marque": 22
    }
  },
  {
    "model": "SayaraApi.refmodele",
    "pk": 39,
    "fields": {
      "date_created": "2019-08-27T15:13:37Z",
      "date_modified": "2019-08-27T15:13:37Z",
      "date_removed": null,
      "nom": "Tiguan",
      "marque": 22
    }
  },
  {
    "model": "SayaraApi.refmodele",
    "pk": 40,
    "fields": {
      "date_created": "2019-08-27T22:14:21Z",
      "date_modified": "2019-08-27T22:14:21Z",
      "date_removed": null,
      "nom": "Micra",
      "marque": 9
    }
  },
  {
    "model": "SayaraApi.refmodele",
    "pk": 41,
    "fields": {
      "date_created": "2019-08-27T22:14:45Z",
      "date_modified": "2019-08-27T22:14:45Z",
      "date_removed": null,
      "nom": "Sunny",
      "marque": 6
    }
  },
  {
    "model": "SayaraApi.modele",
    "pk": 1,
    "fields": {
      "date_created": "2019-08-26T13:01:29Z",
      "date_modified": "2019-08-26T13:01:29Z",
      "date_removed": null,
      "code": "00001",
      "ref": 34,
      "image": "images/vehicules/3230.png"
    }
  },
  {
    "model": "SayaraApi.modele",
    "pk": 2,
    "fields": {
      "date_created": "2019-08-26T13:05:15Z",
      "date_modified": "2019-08-26T13:05:15Z",
      "date_removed": null,
      "code": "000001",
      "ref": 35,
      "image": "images/vehicules/3185.png"
    }
  },
  {
    "model": "SayaraApi.modele",
    "pk": 3,
    "fields": {
      "date_created": "2019-08-26T13:08:51Z",
      "date_modified": "2019-08-26T13:08:51Z",
      "date_removed": null,
      "code": "000000002",
      "ref": 36,
      "image": "images/vehicules/3208.png"
    }
  },
  {
    "model": "SayaraApi.modele",
    "pk": 4,
    "fields": {
      "date_created": "2019-08-26T13:10:24Z",
      "date_modified": "2019-08-26T13:10:24Z",
      "date_removed": null,
      "code": "00000003",
      "ref": 37,
      "image": "images/vehicules/3191.png"
    }
  },
  {
    "model": "SayaraApi.modele",
    "pk": 5,
    "fields": {
      "date_created": "2019-08-26T13:11:06Z",
      "date_modified": "2019-08-26T13:11:06Z",
      "date_removed": null,
      "code": "0000004",
      "ref": 38,
      "image": "images/vehicules/3235.png"
    }
  },
  {
    "model": "SayaraApi.modele",
    "pk": 6,
    "fields": {
      "date_created": "2019-08-26T13:11:28Z",
      "date_modified": "2019-08-26T13:11:29Z",
      "date_removed": null,
      "code": "00000005",
      "ref": 39,
      "image": "images/vehicules/3233.png"
    }
  },
  {
    "model": "SayaraApi.modele",
    "pk": 7,
    "fields": {
      "date_created": "2019-08-27T22:14:00Z",
      "date_modified": "2019-08-27T22:14:00Z",
      "date_removed": null,
      "code": "nmicra",
      "ref": 40,
      "image": "images/vehicules/voiture.jpg"
    }
  },
  {
    "model": "SayaraApi.modele",
    "pk": 8,
    "fields": {
      "date_created": "2019-08-27T22:14:37Z",
      "date_modified": "2019-08-27T22:14:37Z",
      "date_removed": null,
      "code": "nsunny",
      "ref": 41,
      "image": "images/vehicules/voiture.jpg"
    }
  },
  {
    "model": "SayaraApi.fabricant",
    "pk": 1,
    "fields": {
      "date_created": "2019-08-27T15:06:10.238Z",
      "date_modified": "2019-08-27T15:06:10.238Z",
      "date_removed": null,
      "nom": "BMW -FAB",
      "marque": 1
    }
  },
  {
    "model": "SayaraApi.fabricant",
    "pk": 2,
    "fields": {
      "date_created": "2019-08-27T15:06:10.238Z",
      "date_modified": "2019-08-27T15:06:10.238Z",
      "date_removed": null,
      "nom": "AUDI-FAB",
      "marque": 2
    }
  },
  {
    "model": "SayaraApi.fabricant",
    "pk": 3,
    "fields": {
      "date_created": "2019-08-27T15:06:10.238Z",
      "date_modified": "2019-08-27T15:06:10.238Z",
      "date_removed": null,
      "nom": "Mercedes -FAB",
      "marque": 3
    }
  },
  {
    "model": "SayaraApi.fabricant",
    "pk": 4,
    "fields": {
      "date_created": "2019-08-29T12:52:21Z",
      "date_modified": "2019-08-29T12:52:21Z",
      "date_removed": null,
      "nom": "VW-FAB",
      "marque": 22
    }
  },
  {
    "model": "SayaraApi.refcouleur",
    "pk": 14,
    "fields": {
      "date_created": "2019-08-27T15:06:10.234Z",
      "date_modified": "2019-08-27T15:06:10.234Z",
      "date_removed": null,
      "nom": "Bleu"
    }
  },
  {
    "model": "SayaraApi.refcouleur",
    "pk": 15,
    "fields": {
      "date_created": "2019-08-27T15:06:10.234Z",
      "date_modified": "2019-08-27T15:06:10.234Z",
      "date_removed": null,
      "nom": "Rouge"
    }
  },
  {
    "model": "SayaraApi.refcouleur",
    "pk": 16,
    "fields": {
      "date_created": "2019-08-27T15:06:10.234Z",
      "date_modified": "2019-08-27T15:06:10.234Z",
      "date_removed": null,
      "nom": "Violet"
    }
  },
  {
    "model": "SayaraApi.refcouleur",
    "pk": 17,
    "fields": {
      "date_created": "2019-08-27T15:06:10.234Z",
      "date_modified": "2019-08-27T15:06:10.234Z",
      "date_removed": null,
      "nom": "Gris"
    }
  },
  {
    "model": "SayaraApi.refcouleur",
    "pk": 18,
    "fields": {
      "date_created": "2019-08-27T15:06:10.234Z",
      "date_modified": "2019-08-27T15:06:10.234Z",
      "date_removed": null,
      "nom": "Noir"
    }
  },
  {
    "model": "SayaraApi.refcouleur",
    "pk": 19,
    "fields": {
      "date_created": "2019-08-27T15:06:10.234Z",
      "date_modified": "2019-08-27T15:06:10.234Z",
      "date_removed": null,
      "nom": "Blanc"
    }
  },
  {
    "model": "SayaraApi.refcouleur",
    "pk": 20,
    "fields": {
      "date_created": "2019-08-27T15:18:47Z",
      "date_modified": "2019-08-27T15:18:47Z",
      "date_removed": null,
      "nom": "Blanc Pur"
    }
  },
  {
    "model": "SayaraApi.refcouleur",
    "pk": 21,
    "fields": {
      "date_created": "2019-08-27T15:19:55Z",
      "date_modified": "2019-08-27T15:19:55Z",
      "date_removed": null,
      "nom": "White Silver"
    }
  },
  {
    "model": "SayaraApi.refcouleur",
    "pk": 22,
    "fields": {
      "date_created": "2019-08-27T15:20:29Z",
      "date_modified": "2019-08-27T15:20:29Z",
      "date_removed": null,
      "nom": "Gris Tungsten"
    }
  },
  {
    "model": "SayaraApi.refcouleur",
    "pk": 23,
    "fields": {
      "date_created": "2019-08-27T15:20:51Z",
      "date_modified": "2019-08-27T15:20:51Z",
      "date_removed": null,
      "nom": "Noir Intense"
    }
  },
  {
    "model": "SayaraApi.refcouleur",
    "pk": 24,
    "fields": {
      "date_created": "2019-08-27T15:21:30Z",
      "date_modified": "2019-08-27T15:21:30Z",
      "date_removed": null,
      "nom": "Bleu Atlantique"
    }
  },
  {
    "model": "SayaraApi.couleur",
    "pk": 1,
    "fields": {
      "date_created": "2019-08-27T15:18:34Z",
      "date_modified": "2019-08-27T15:18:34Z",
      "date_removed": null,
      "code": "b01",
      "ref": 20,
      "modele": 2
    }
  },
  {
    "model": "SayaraApi.couleur",
    "pk": 2,
    "fields": {
      "date_created": "2019-08-27T15:19:43Z",
      "date_modified": "2019-08-27T15:19:43Z",
      "date_removed": null,
      "code": "b02",
      "ref": 21,
      "modele": 2
    }
  },
  {
    "model": "SayaraApi.couleur",
    "pk": 3,
    "fields": {
      "date_created": "2019-08-27T15:20:15Z",
      "date_modified": "2019-08-27T15:20:15Z",
      "date_removed": null,
      "code": "G01",
      "ref": 22,
      "modele": 2
    }
  },
  {
    "model": "SayaraApi.couleur",
    "pk": 4,
    "fields": {
      "date_created": "2019-08-27T15:20:46Z",
      "date_modified": "2019-08-27T15:20:46Z",
      "date_removed": null,
      "code": "N01",
      "ref": 23,
      "modele": 2
    }
  },
  {
    "model": "SayaraApi.couleur",
    "pk": 5,
    "fields": {
      "date_created": "2019-08-27T15:21:05Z",
      "date_modified": "2019-08-27T15:21:05Z",
      "date_removed": null,
      "code": "E01",
      "ref": 24,
      "modele": 2
    }
  },
  {
    "model": "SayaraApi.couleur",
    "pk": 6,
    "fields": {
      "date_created": "2019-08-27T15:49:11Z",
      "date_modified": "2019-08-27T15:49:11Z",
      "date_removed": null,
      "code": "g28",
      "ref": 17,
      "modele": 1
    }
  },
  {
    "model": "SayaraApi.couleur",
    "pk": 7,
    "fields": {
      "date_created": "2019-08-27T22:22:56Z",
      "date_modified": "2019-08-27T22:22:56Z",
      "date_removed": null,
      "code": "nb1",
      "ref": 19,
      "modele": 7
    }
  },
  {
    "model": "SayaraApi.couleur",
    "pk": 8,
    "fields": {
      "date_created": "2019-08-27T22:23:14Z",
      "date_modified": "2019-08-27T22:23:14Z",
      "date_removed": null,
      "code": "gn1",
      "ref": 17,
      "modele": 7
    }
  },
  {
    "model": "SayaraApi.couleur",
    "pk": 9,
    "fields": {
      "date_created": "2019-08-27T22:29:58Z",
      "date_modified": "2019-08-27T22:29:58Z",
      "date_removed": null,
      "code": "sb1",
      "ref": 19,
      "modele": 8
    }
  },
  {
    "model": "SayaraApi.couleur",
    "pk": 10,
    "fields": {
      "date_created": "2019-08-27T22:30:10Z",
      "date_modified": "2019-08-27T22:30:10Z",
      "date_removed": null,
      "code": "sg1",
      "ref": 17,
      "modele": 8
    }
  },
  {
    "model": "SayaraApi.refoption",
    "pk": 1,
    "fields": {
      "date_created": "2019-08-27T15:06:10.234Z",
      "date_modified": "2019-08-27T15:06:10.234Z",
      "date_removed": null,
      "nom": "Toit ouvrant"
    }
  },
  {
    "model": "SayaraApi.refoption",
    "pk": 2,
    "fields": {
      "date_created": "2019-08-27T15:06:10.238Z",
      "date_modified": "2019-08-27T15:06:10.238Z",
      "date_removed": null,
      "nom": "Vitres \u00e9lectriques"
    }
  },
  {
    "model": "SayaraApi.refoption",
    "pk": 3,
    "fields": {
      "date_created": "2019-08-27T15:06:10.238Z",
      "date_modified": "2019-08-27T15:06:10.238Z",
      "date_removed": null,
      "nom": "Gantes aliage"
    }
  },
  {
    "model": "SayaraApi.refoption",
    "pk": 4,
    "fields": {
      "date_created": "2019-08-27T15:06:10.238Z",
      "date_modified": "2019-08-27T15:06:10.238Z",
      "date_removed": null,
      "nom": "Salon cuir"
    }
  },
  {
    "model": "SayaraApi.option",
    "pk": "208to",
    "fields": {
      "date_created": "2019-08-27T15:33:53Z",
      "date_modified": "2019-08-27T15:33:53Z",
      "date_removed": null,
      "ref": 1,
      "modele": 1
    }
  },
  {
    "model": "SayaraApi.vehiculeoccasion",
    "pk": 1,
    "fields": {
      "date_created": "2019-08-29T12:49:12Z",
      "date_modified": "2019-08-29T12:49:12Z",
      "date_removed": null,
      "kilometrage": 150000,
      "date": "2009-08-29",
      "image1": "images/vehicules/voiture.jpg",
      "image2": "images/vehicules/voiture.jpg",
      "image3": "images/vehicules/voiture.jpg",
      "version": "Carat",
      "modele": 38,
      "couleur": 17,
      "options": [
        3
      ]
    }
  },
  {
    "model": "SayaraApi.vehiculeoccasion",
    "pk": 2,
    "fields": {
      "date_created": "2019-08-29T12:50:51Z",
      "date_modified": "2019-08-29T12:50:51Z",
      "date_removed": null,
      "kilometrage": 100000,
      "date": "2015-08-29",
      "image1": "images/vehicules/voiture.jpg",
      "image2": "images/vehicules/voiture.jpg",
      "image3": "images/vehicules/voiture.jpg",
      "version": "RLine",
      "modele": 39,
      "couleur": 19,
      "options": [
        1,
        2,
        3,
        4
      ]
    }
  },
  {
    "model": "SayaraApi.vehiculeneuf",
    "pk": 1,
    "fields": {
      "date_created": "2019-08-29T12:47:06Z",
      "date_modified": "2019-08-29T12:47:06Z",
      "date_removed": null,
      "num": "0000032654987987564261045",
      "disponible": true,
      "reserve": false,
      "concessionnaire": "Alger",
      "version": "g7memphis",
      "couleur": 2,
      "options": [
        "208to"
      ]
    }
  },
  {
    "model": "SayaraApi.vehiculeneuf",
    "pk": 2,
    "fields": {
      "date_created": "2019-08-29T12:47:33Z",
      "date_modified": "2019-08-29T12:47:33Z",
      "date_removed": null,
      "num": "0000032654987987564261044",
      "disponible": true,
      "reserve": false,
      "concessionnaire": "Alger",
      "version": "g7startp",
      "couleur": 3,
      "options": []
    }
  },
  {
    "model": "SayaraApi.vehiculeneuf",
    "pk": 3,
    "fields": {
      "date_created": "2019-08-29T12:47:54Z",
      "date_modified": "2019-08-29T12:47:54Z",
      "date_removed": null,
      "num": "0000032654987987564261043",
      "disponible": true,
      "reserve": false,
      "concessionnaire": "Alger",
      "version": "g7startp",
      "couleur": 4,
      "options": []
    }
  },
  {
    "model": "SayaraApi.fichetechnique",
    "pk": 1,
    "fields": {
      "date_created": "2019-08-26T13:14:10Z",
      "date_modified": "2019-08-26T13:14:10Z",
      "date_removed": null,
      "nombrePortes": 5,
      "boiteVitesse": "Manuelle 6 rapports",
      "puissanceFiscale": "143ch 3500tr",
      "motorisation": "2.0 TDI Diesel 4 cylindres 1968cc",
      "consommation": "5.1",
      "dimensions": "Longueur 4255 mm Largueur 2027 mm Hauteur 1452 mm",
      "transmission": "manuelle",
      "capaciteReservoir": "55",
      "vitesseMaxi": 206,
      "acceleration": "9.1"
    }
  },
  {
    "model": "SayaraApi.fichetechnique",
    "pk": 2,
    "fields": {
      "date_created": "2019-08-27T15:46:53Z",
      "date_modified": "2019-08-27T15:46:53Z",
      "date_removed": null,
      "nombrePortes": 5,
      "boiteVitesse": "manuelle 5 vitesses",
      "puissanceFiscale": "92 ch",
      "motorisation": "4 cylindres en lignes 1560 cc",
      "consommation": "5.2/3.5/4.2 l/100km",
      "dimensions": "Longueur 3962 mm Largueur 2004 mm Hauteur 1460 mm Empattement 2538 mm",
      "transmission": "manuelle",
      "capaciteReservoir": "50",
      "vitesseMaxi": 183,
      "acceleration": "12"
    }
  },
  {
    "model": "SayaraApi.fichetechnique",
    "pk": 3,
    "fields": {
      "date_created": "2019-08-27T22:17:39Z",
      "date_modified": "2019-08-27T22:17:39Z",
      "date_removed": null,
      "nombrePortes": 5,
      "boiteVitesse": "manuelle 5 rapports",
      "puissanceFiscale": "76 ch",
      "motorisation": "Essence 1.2 cc  en ligne",
      "consommation": "5 / 3.6 / 4.1 l/100km",
      "dimensions": "Longueur 3780 mm Largueur 1665 mm Hauteur 1525 mm Empattement 2450 mm",
      "transmission": "manuelle",
      "capaciteReservoir": "41 l",
      "vitesseMaxi": 170,
      "acceleration": "13 s"
    }
  },
  {
    "model": "SayaraApi.fichetechnique",
    "pk": 4,
    "fields": {
      "date_created": "2019-08-27T22:27:02Z",
      "date_modified": "2019-08-27T22:27:02Z",
      "date_removed": null,
      "nombrePortes": 4,
      "boiteVitesse": "manuelle 5 rapports",
      "puissanceFiscale": "100 ch",
      "motorisation": "4 cylindres en lignes  1498 cc",
      "consommation": "NA",
      "dimensions": "Longueur 4455 mm Largueur 1695 mm Hauteur 1515 mm Empattement 2600 mm",
      "transmission": "manuelle",
      "capaciteReservoir": "41 l",
      "vitesseMaxi": 180,
      "acceleration": "11.3"
    }
  },
  {
    "model": "auth.permission",
    "pk": 1,
    "fields": {
      "name": "Can add log entry",
      "content_type": 1,
      "codename": "add_logentry"
    }
  },
  {
    "model": "auth.permission",
    "pk": 2,
    "fields": {
      "name": "Can change log entry",
      "content_type": 1,
      "codename": "change_logentry"
    }
  },
  {
    "model": "auth.permission",
    "pk": 3,
    "fields": {
      "name": "Can delete log entry",
      "content_type": 1,
      "codename": "delete_logentry"
    }
  },
  {
    "model": "auth.permission",
    "pk": 4,
    "fields": {
      "name": "Can view log entry",
      "content_type": 1,
      "codename": "view_logentry"
    }
  },
  {
    "model": "auth.permission",
    "pk": 5,
    "fields": {
      "name": "Can add permission",
      "content_type": 2,
      "codename": "add_permission"
    }
  },
  {
    "model": "auth.permission",
    "pk": 6,
    "fields": {
      "name": "Can change permission",
      "content_type": 2,
      "codename": "change_permission"
    }
  },
  {
    "model": "auth.permission",
    "pk": 7,
    "fields": {
      "name": "Can delete permission",
      "content_type": 2,
      "codename": "delete_permission"
    }
  },
  {
    "model": "auth.permission",
    "pk": 8,
    "fields": {
      "name": "Can view permission",
      "content_type": 2,
      "codename": "view_permission"
    }
  },
  {
    "model": "auth.permission",
    "pk": 9,
    "fields": {
      "name": "Can add group",
      "content_type": 3,
      "codename": "add_group"
    }
  },
  {
    "model": "auth.permission",
    "pk": 10,
    "fields": {
      "name": "Can change group",
      "content_type": 3,
      "codename": "change_group"
    }
  },
  {
    "model": "auth.permission",
    "pk": 11,
    "fields": {
      "name": "Can delete group",
      "content_type": 3,
      "codename": "delete_group"
    }
  },
  {
    "model": "auth.permission",
    "pk": 12,
    "fields": {
      "name": "Can view group",
      "content_type": 3,
      "codename": "view_group"
    }
  },
  {
    "model": "auth.permission",
    "pk": 13,
    "fields": {
      "name": "Can add user",
      "content_type": 4,
      "codename": "add_user"
    }
  },
  {
    "model": "auth.permission",
    "pk": 14,
    "fields": {
      "name": "Can change user",
      "content_type": 4,
      "codename": "change_user"
    }
  },
  {
    "model": "auth.permission",
    "pk": 15,
    "fields": {
      "name": "Can delete user",
      "content_type": 4,
      "codename": "delete_user"
    }
  },
  {
    "model": "auth.permission",
    "pk": 16,
    "fields": {
      "name": "Can view user",
      "content_type": 4,
      "codename": "view_user"
    }
  },
  {
    "model": "auth.permission",
    "pk": 17,
    "fields": {
      "name": "Can add content type",
      "content_type": 5,
      "codename": "add_contenttype"
    }
  },
  {
    "model": "auth.permission",
    "pk": 18,
    "fields": {
      "name": "Can change content type",
      "content_type": 5,
      "codename": "change_contenttype"
    }
  },
  {
    "model": "auth.permission",
    "pk": 19,
    "fields": {
      "name": "Can delete content type",
      "content_type": 5,
      "codename": "delete_contenttype"
    }
  },
  {
    "model": "auth.permission",
    "pk": 20,
    "fields": {
      "name": "Can view content type",
      "content_type": 5,
      "codename": "view_contenttype"
    }
  },
  {
    "model": "auth.permission",
    "pk": 21,
    "fields": {
      "name": "Can add session",
      "content_type": 6,
      "codename": "add_session"
    }
  },
  {
    "model": "auth.permission",
    "pk": 22,
    "fields": {
      "name": "Can change session",
      "content_type": 6,
      "codename": "change_session"
    }
  },
  {
    "model": "auth.permission",
    "pk": 23,
    "fields": {
      "name": "Can delete session",
      "content_type": 6,
      "codename": "delete_session"
    }
  },
  {
    "model": "auth.permission",
    "pk": 24,
    "fields": {
      "name": "Can view session",
      "content_type": 6,
      "codename": "view_session"
    }
  },
  {
    "model": "auth.permission",
    "pk": 25,
    "fields": {
      "name": "Can add Token",
      "content_type": 7,
      "codename": "add_token"
    }
  },
  {
    "model": "auth.permission",
    "pk": 26,
    "fields": {
      "name": "Can change Token",
      "content_type": 7,
      "codename": "change_token"
    }
  },
  {
    "model": "auth.permission",
    "pk": 27,
    "fields": {
      "name": "Can delete Token",
      "content_type": 7,
      "codename": "delete_token"
    }
  },
  {
    "model": "auth.permission",
    "pk": 28,
    "fields": {
      "name": "Can view Token",
      "content_type": 7,
      "codename": "view_token"
    }
  },
  {
    "model": "auth.permission",
    "pk": 29,
    "fields": {
      "name": "Can add image",
      "content_type": 8,
      "codename": "add_image"
    }
  },
  {
    "model": "auth.permission",
    "pk": 30,
    "fields": {
      "name": "Can change image",
      "content_type": 8,
      "codename": "change_image"
    }
  },
  {
    "model": "auth.permission",
    "pk": 31,
    "fields": {
      "name": "Can delete image",
      "content_type": 8,
      "codename": "delete_image"
    }
  },
  {
    "model": "auth.permission",
    "pk": 32,
    "fields": {
      "name": "Can view image",
      "content_type": 8,
      "codename": "view_image"
    }
  },
  {
    "model": "auth.permission",
    "pk": 33,
    "fields": {
      "name": "Can add marque",
      "content_type": 9,
      "codename": "add_marque"
    }
  },
  {
    "model": "auth.permission",
    "pk": 34,
    "fields": {
      "name": "Can change marque",
      "content_type": 9,
      "codename": "change_marque"
    }
  },
  {
    "model": "auth.permission",
    "pk": 35,
    "fields": {
      "name": "Can delete marque",
      "content_type": 9,
      "codename": "delete_marque"
    }
  },
  {
    "model": "auth.permission",
    "pk": 36,
    "fields": {
      "name": "Can view marque",
      "content_type": 9,
      "codename": "view_marque"
    }
  },
  {
    "model": "auth.permission",
    "pk": 37,
    "fields": {
      "name": "Can add ref version",
      "content_type": 10,
      "codename": "add_refversion"
    }
  },
  {
    "model": "auth.permission",
    "pk": 38,
    "fields": {
      "name": "Can change ref version",
      "content_type": 10,
      "codename": "change_refversion"
    }
  },
  {
    "model": "auth.permission",
    "pk": 39,
    "fields": {
      "name": "Can delete ref version",
      "content_type": 10,
      "codename": "delete_refversion"
    }
  },
  {
    "model": "auth.permission",
    "pk": 40,
    "fields": {
      "name": "Can view ref version",
      "content_type": 10,
      "codename": "view_refversion"
    }
  },
  {
    "model": "auth.permission",
    "pk": 41,
    "fields": {
      "name": "Can add version",
      "content_type": 11,
      "codename": "add_version"
    }
  },
  {
    "model": "auth.permission",
    "pk": 42,
    "fields": {
      "name": "Can change version",
      "content_type": 11,
      "codename": "change_version"
    }
  },
  {
    "model": "auth.permission",
    "pk": 43,
    "fields": {
      "name": "Can delete version",
      "content_type": 11,
      "codename": "delete_version"
    }
  },
  {
    "model": "auth.permission",
    "pk": 44,
    "fields": {
      "name": "Can view version",
      "content_type": 11,
      "codename": "view_version"
    }
  },
  {
    "model": "auth.permission",
    "pk": 45,
    "fields": {
      "name": "Can add ref modele",
      "content_type": 12,
      "codename": "add_refmodele"
    }
  },
  {
    "model": "auth.permission",
    "pk": 46,
    "fields": {
      "name": "Can change ref modele",
      "content_type": 12,
      "codename": "change_refmodele"
    }
  },
  {
    "model": "auth.permission",
    "pk": 47,
    "fields": {
      "name": "Can delete ref modele",
      "content_type": 12,
      "codename": "delete_refmodele"
    }
  },
  {
    "model": "auth.permission",
    "pk": 48,
    "fields": {
      "name": "Can view ref modele",
      "content_type": 12,
      "codename": "view_refmodele"
    }
  },
  {
    "model": "auth.permission",
    "pk": 49,
    "fields": {
      "name": "Can add modele",
      "content_type": 13,
      "codename": "add_modele"
    }
  },
  {
    "model": "auth.permission",
    "pk": 50,
    "fields": {
      "name": "Can change modele",
      "content_type": 13,
      "codename": "change_modele"
    }
  },
  {
    "model": "auth.permission",
    "pk": 51,
    "fields": {
      "name": "Can delete modele",
      "content_type": 13,
      "codename": "delete_modele"
    }
  },
  {
    "model": "auth.permission",
    "pk": 52,
    "fields": {
      "name": "Can view modele",
      "content_type": 13,
      "codename": "view_modele"
    }
  },
  {
    "model": "auth.permission",
    "pk": 53,
    "fields": {
      "name": "Can add annonce",
      "content_type": 14,
      "codename": "add_annonce"
    }
  },
  {
    "model": "auth.permission",
    "pk": 54,
    "fields": {
      "name": "Can change annonce",
      "content_type": 14,
      "codename": "change_annonce"
    }
  },
  {
    "model": "auth.permission",
    "pk": 55,
    "fields": {
      "name": "Can delete annonce",
      "content_type": 14,
      "codename": "delete_annonce"
    }
  },
  {
    "model": "auth.permission",
    "pk": 56,
    "fields": {
      "name": "Can view annonce",
      "content_type": 14,
      "codename": "view_annonce"
    }
  },
  {
    "model": "auth.permission",
    "pk": 57,
    "fields": {
      "name": "Can add fabricant",
      "content_type": 15,
      "codename": "add_fabricant"
    }
  },
  {
    "model": "auth.permission",
    "pk": 58,
    "fields": {
      "name": "Can change fabricant",
      "content_type": 15,
      "codename": "change_fabricant"
    }
  },
  {
    "model": "auth.permission",
    "pk": 59,
    "fields": {
      "name": "Can delete fabricant",
      "content_type": 15,
      "codename": "delete_fabricant"
    }
  },
  {
    "model": "auth.permission",
    "pk": 60,
    "fields": {
      "name": "Can view fabricant",
      "content_type": 15,
      "codename": "view_fabricant"
    }
  },
  {
    "model": "auth.permission",
    "pk": 61,
    "fields": {
      "name": "Can add profile",
      "content_type": 16,
      "codename": "add_profile"
    }
  },
  {
    "model": "auth.permission",
    "pk": 62,
    "fields": {
      "name": "Can change profile",
      "content_type": 16,
      "codename": "change_profile"
    }
  },
  {
    "model": "auth.permission",
    "pk": 63,
    "fields": {
      "name": "Can delete profile",
      "content_type": 16,
      "codename": "delete_profile"
    }
  },
  {
    "model": "auth.permission",
    "pk": 64,
    "fields": {
      "name": "Can view profile",
      "content_type": 16,
      "codename": "view_profile"
    }
  },
  {
    "model": "auth.permission",
    "pk": 65,
    "fields": {
      "name": "Can add ref couleur",
      "content_type": 17,
      "codename": "add_refcouleur"
    }
  },
  {
    "model": "auth.permission",
    "pk": 66,
    "fields": {
      "name": "Can change ref couleur",
      "content_type": 17,
      "codename": "change_refcouleur"
    }
  },
  {
    "model": "auth.permission",
    "pk": 67,
    "fields": {
      "name": "Can delete ref couleur",
      "content_type": 17,
      "codename": "delete_refcouleur"
    }
  },
  {
    "model": "auth.permission",
    "pk": 68,
    "fields": {
      "name": "Can view ref couleur",
      "content_type": 17,
      "codename": "view_refcouleur"
    }
  },
  {
    "model": "auth.permission",
    "pk": 69,
    "fields": {
      "name": "Can add couleur",
      "content_type": 18,
      "codename": "add_couleur"
    }
  },
  {
    "model": "auth.permission",
    "pk": 70,
    "fields": {
      "name": "Can change couleur",
      "content_type": 18,
      "codename": "change_couleur"
    }
  },
  {
    "model": "auth.permission",
    "pk": 71,
    "fields": {
      "name": "Can delete couleur",
      "content_type": 18,
      "codename": "delete_couleur"
    }
  },
  {
    "model": "auth.permission",
    "pk": 72,
    "fields": {
      "name": "Can view couleur",
      "content_type": 18,
      "codename": "view_couleur"
    }
  },
  {
    "model": "auth.permission",
    "pk": 73,
    "fields": {
      "name": "Can add ref option",
      "content_type": 19,
      "codename": "add_refoption"
    }
  },
  {
    "model": "auth.permission",
    "pk": 74,
    "fields": {
      "name": "Can change ref option",
      "content_type": 19,
      "codename": "change_refoption"
    }
  },
  {
    "model": "auth.permission",
    "pk": 75,
    "fields": {
      "name": "Can delete ref option",
      "content_type": 19,
      "codename": "delete_refoption"
    }
  },
  {
    "model": "auth.permission",
    "pk": 76,
    "fields": {
      "name": "Can view ref option",
      "content_type": 19,
      "codename": "view_refoption"
    }
  },
  {
    "model": "auth.permission",
    "pk": 77,
    "fields": {
      "name": "Can add option",
      "content_type": 20,
      "codename": "add_option"
    }
  },
  {
    "model": "auth.permission",
    "pk": 78,
    "fields": {
      "name": "Can change option",
      "content_type": 20,
      "codename": "change_option"
    }
  },
  {
    "model": "auth.permission",
    "pk": 79,
    "fields": {
      "name": "Can delete option",
      "content_type": 20,
      "codename": "delete_option"
    }
  },
  {
    "model": "auth.permission",
    "pk": 80,
    "fields": {
      "name": "Can view option",
      "content_type": 20,
      "codename": "view_option"
    }
  },
  {
    "model": "auth.permission",
    "pk": 81,
    "fields": {
      "name": "Can add vehicule occasion",
      "content_type": 21,
      "codename": "add_vehiculeoccasion"
    }
  },
  {
    "model": "auth.permission",
    "pk": 82,
    "fields": {
      "name": "Can change vehicule occasion",
      "content_type": 21,
      "codename": "change_vehiculeoccasion"
    }
  },
  {
    "model": "auth.permission",
    "pk": 83,
    "fields": {
      "name": "Can delete vehicule occasion",
      "content_type": 21,
      "codename": "delete_vehiculeoccasion"
    }
  },
  {
    "model": "auth.permission",
    "pk": 84,
    "fields": {
      "name": "Can view vehicule occasion",
      "content_type": 21,
      "codename": "view_vehiculeoccasion"
    }
  },
  {
    "model": "auth.permission",
    "pk": 85,
    "fields": {
      "name": "Can add vehicule neuf",
      "content_type": 22,
      "codename": "add_vehiculeneuf"
    }
  },
  {
    "model": "auth.permission",
    "pk": 86,
    "fields": {
      "name": "Can change vehicule neuf",
      "content_type": 22,
      "codename": "change_vehiculeneuf"
    }
  },
  {
    "model": "auth.permission",
    "pk": 87,
    "fields": {
      "name": "Can delete vehicule neuf",
      "content_type": 22,
      "codename": "delete_vehiculeneuf"
    }
  },
  {
    "model": "auth.permission",
    "pk": 88,
    "fields": {
      "name": "Can view vehicule neuf",
      "content_type": 22,
      "codename": "view_vehiculeneuf"
    }
  },
  {
    "model": "auth.permission",
    "pk": 89,
    "fields": {
      "name": "Can add tarif option",
      "content_type": 23,
      "codename": "add_tarifoption"
    }
  },
  {
    "model": "auth.permission",
    "pk": 90,
    "fields": {
      "name": "Can change tarif option",
      "content_type": 23,
      "codename": "change_tarifoption"
    }
  },
  {
    "model": "auth.permission",
    "pk": 91,
    "fields": {
      "name": "Can delete tarif option",
      "content_type": 23,
      "codename": "delete_tarifoption"
    }
  },
  {
    "model": "auth.permission",
    "pk": 92,
    "fields": {
      "name": "Can view tarif option",
      "content_type": 23,
      "codename": "view_tarifoption"
    }
  },
  {
    "model": "auth.permission",
    "pk": 93,
    "fields": {
      "name": "Can add tarif version",
      "content_type": 24,
      "codename": "add_tarifversion"
    }
  },
  {
    "model": "auth.permission",
    "pk": 94,
    "fields": {
      "name": "Can change tarif version",
      "content_type": 24,
      "codename": "change_tarifversion"
    }
  },
  {
    "model": "auth.permission",
    "pk": 95,
    "fields": {
      "name": "Can delete tarif version",
      "content_type": 24,
      "codename": "delete_tarifversion"
    }
  },
  {
    "model": "auth.permission",
    "pk": 96,
    "fields": {
      "name": "Can view tarif version",
      "content_type": 24,
      "codename": "view_tarifversion"
    }
  },
  {
    "model": "auth.permission",
    "pk": 97,
    "fields": {
      "name": "Can add tarif couleur",
      "content_type": 25,
      "codename": "add_tarifcouleur"
    }
  },
  {
    "model": "auth.permission",
    "pk": 98,
    "fields": {
      "name": "Can change tarif couleur",
      "content_type": 25,
      "codename": "change_tarifcouleur"
    }
  },
  {
    "model": "auth.permission",
    "pk": 99,
    "fields": {
      "name": "Can delete tarif couleur",
      "content_type": 25,
      "codename": "delete_tarifcouleur"
    }
  },
  {
    "model": "auth.permission",
    "pk": 100,
    "fields": {
      "name": "Can view tarif couleur",
      "content_type": 25,
      "codename": "view_tarifcouleur"
    }
  },
  {
    "model": "auth.permission",
    "pk": 101,
    "fields": {
      "name": "Can add ligne tarif",
      "content_type": 26,
      "codename": "add_lignetarif"
    }
  },
  {
    "model": "auth.permission",
    "pk": 102,
    "fields": {
      "name": "Can change ligne tarif",
      "content_type": 26,
      "codename": "change_lignetarif"
    }
  },
  {
    "model": "auth.permission",
    "pk": 103,
    "fields": {
      "name": "Can delete ligne tarif",
      "content_type": 26,
      "codename": "delete_lignetarif"
    }
  },
  {
    "model": "auth.permission",
    "pk": 104,
    "fields": {
      "name": "Can view ligne tarif",
      "content_type": 26,
      "codename": "view_lignetarif"
    }
  },
  {
    "model": "auth.permission",
    "pk": 105,
    "fields": {
      "name": "Can add fiche technique",
      "content_type": 27,
      "codename": "add_fichetechnique"
    }
  },
  {
    "model": "auth.permission",
    "pk": 106,
    "fields": {
      "name": "Can change fiche technique",
      "content_type": 27,
      "codename": "change_fichetechnique"
    }
  },
  {
    "model": "auth.permission",
    "pk": 107,
    "fields": {
      "name": "Can delete fiche technique",
      "content_type": 27,
      "codename": "delete_fichetechnique"
    }
  },
  {
    "model": "auth.permission",
    "pk": 108,
    "fields": {
      "name": "Can view fiche technique",
      "content_type": 27,
      "codename": "view_fichetechnique"
    }
  },
  {
    "model": "auth.permission",
    "pk": 109,
    "fields": {
      "name": "Can add offre",
      "content_type": 28,
      "codename": "add_offre"
    }
  },
  {
    "model": "auth.permission",
    "pk": 110,
    "fields": {
      "name": "Can change offre",
      "content_type": 28,
      "codename": "change_offre"
    }
  },
  {
    "model": "auth.permission",
    "pk": 111,
    "fields": {
      "name": "Can delete offre",
      "content_type": 28,
      "codename": "delete_offre"
    }
  },
  {
    "model": "auth.permission",
    "pk": 112,
    "fields": {
      "name": "Can view offre",
      "content_type": 28,
      "codename": "view_offre"
    }
  },
  {
    "model": "auth.permission",
    "pk": 113,
    "fields": {
      "name": "Can add commande",
      "content_type": 29,
      "codename": "add_commande"
    }
  },
  {
    "model": "auth.permission",
    "pk": 114,
    "fields": {
      "name": "Can change commande",
      "content_type": 29,
      "codename": "change_commande"
    }
  },
  {
    "model": "auth.permission",
    "pk": 115,
    "fields": {
      "name": "Can delete commande",
      "content_type": 29,
      "codename": "delete_commande"
    }
  },
  {
    "model": "auth.permission",
    "pk": 116,
    "fields": {
      "name": "Can view commande",
      "content_type": 29,
      "codename": "view_commande"
    }
  },
  {
    "model": "auth.user",
    "pk": 1,
    "fields": {
      "password": "pbkdf2_sha256$120000$G9zormg35Yms$KUxVJjGksbW4GHUakFh6Oeiz87Y4Oerg9UOos9LHHDQ=",
      "last_login": "2019-08-27T15:06:35.254Z",
      "is_superuser": true,
      "username": "admin",
      "first_name": "",
      "last_name": "",
      "email": "",
      "is_staff": true,
      "is_active": true,
      "date_joined": "2019-06-09T12:40:47.384Z",
      "groups": [],
      "user_permissions": []
    }
  },
  {
    "model": "auth.user",
    "pk": 2,
    "fields": {
      "password": "pbkdf2_sha256$120000$BwvSZV1qUeSX$9rkWjOokxRPqPlCgn3gcXXhPBwlgDSmtN02r7yQ7VTc=",
      "last_login": null,
      "is_superuser": false,
      "username": "user",
      "first_name": "",
      "last_name": "",
      "email": "",
      "is_staff": false,
      "is_active": true,
      "date_joined": "2019-06-09T14:03:10.641Z",
      "groups": [],
      "user_permissions": []
    }
  },
  {
    "model": "auth.user",
    "pk": 3,
    "fields": {
      "password": "pbkdf2_sha256$120000$9bSdyGYeuGkY$iAobWGykbgh69TOpuidQsOQhURvcaFH+1Lcu1w+GmgM=",
      "last_login": null,
      "is_superuser": false,
      "username": "automobiliste1",
      "first_name": "",
      "last_name": "",
      "email": "",
      "is_staff": false,
      "is_active": true,
      "date_joined": "2019-08-29T12:50:22.735Z",
      "groups": [],
      "user_permissions": []
    }
  },
  {
    "model": "auth.user",
    "pk": 4,
    "fields": {
      "password": "pbkdf2_sha256$120000$wdHvA1rkYxSI$unRtsqlY519g52R6z6kNtcD5ZKVfgzqGcJL8exL62/M=",
      "last_login": null,
      "is_superuser": false,
      "username": "automobiliste2",
      "first_name": "",
      "last_name": "",
      "email": "",
      "is_staff": false,
      "is_active": true,
      "date_joined": "2019-08-29T12:51:49.290Z",
      "groups": [],
      "user_permissions": []
    }
  },
  {
    "model": "auth.user",
    "pk": 5,
    "fields": {
      "password": "pbkdf2_sha256$120000$obSDprVN8egO$Mmizsehnp3IO716OLXvM+/Z0p3JtjiXy4mC8QRUv1RA=",
      "last_login": null,
      "is_superuser": false,
      "username": "uservw1",
      "first_name": "",
      "last_name": "",
      "email": "",
      "is_staff": false,
      "is_active": true,
      "date_joined": "2019-08-29T12:52:39.435Z",
      "groups": [],
      "user_permissions": []
    }
  },
  {
    "model": "SayaraApi.annonce",
    "pk": 1,
    "fields": {
      "date_created": "2019-08-29T12:48:49Z",
      "date_modified": "2019-08-29T12:48:49Z",
      "date_removed": null,
      "titre": "passat 2009",
      "prix": 120,
      "commentaires": "fiha voile",
      "vehicule": 1,
      "user": 3
    }
  },
  {
    "model": "SayaraApi.annonce",
    "pk": 2,
    "fields": {
      "date_created": "2019-08-29T12:50:28Z",
      "date_modified": "2019-08-29T12:50:28Z",
      "date_removed": null,
      "titre": "Tiguan",
      "prix": 250,
      "commentaires": "haja chaba",
      "vehicule": 2,
      "user": 4
    }
  },
  {
    "model": "SayaraApi.profile",
    "pk": 1,
    "fields": {
      "date_created": "2019-08-29T12:49:57Z",
      "date_modified": "2019-08-29T12:49:57Z",
      "date_removed": null,
      "user": 3,
      "is_fabricant": false,
      "is_client": true,
      "fabricant": null
    }
  },
  {
    "model": "SayaraApi.profile",
    "pk": 2,
    "fields": {
      "date_created": "2019-08-29T12:51:30Z",
      "date_modified": "2019-08-29T12:51:30Z",
      "date_removed": null,
      "user": 4,
      "is_fabricant": false,
      "is_client": true,
      "fabricant": null
    }
  },
  {
    "model": "SayaraApi.profile",
    "pk": 3,
    "fields": {
      "date_created": "2019-08-29T12:51:57Z",
      "date_modified": "2019-08-29T12:51:57Z",
      "date_removed": null,
      "user": 5,
      "is_fabricant": true,
      "is_client": false,
      "fabricant": 4
    }
  },
  {
    "model": "admin.logentry",
    "pk": 1,
    "fields": {
      "action_time": "2019-08-27T15:06:48.744Z",
      "user": 1,
      "content_type": 9,
      "object_id": "22",
      "object_repr": "Volkswagen",
      "action_flag": 1,
      "change_message": "[{\"added\": {}}]"
    }
  },
  {
    "model": "admin.logentry",
    "pk": 2,
    "fields": {
      "action_time": "2019-08-27T15:11:52.041Z",
      "user": 1,
      "content_type": 12,
      "object_id": "34",
      "object_repr": "208",
      "action_flag": 1,
      "change_message": "[{\"added\": {}}]"
    }
  },
  {
    "model": "admin.logentry",
    "pk": 3,
    "fields": {
      "action_time": "2019-08-27T15:12:02.669Z",
      "user": 1,
      "content_type": 12,
      "object_id": "35",
      "object_repr": "Golf 7",
      "action_flag": 1,
      "change_message": "[{\"added\": {}}]"
    }
  },
  {
    "model": "admin.logentry",
    "pk": 4,
    "fields": {
      "action_time": "2019-08-27T15:12:23.412Z",
      "user": 1,
      "content_type": 12,
      "object_id": "36",
      "object_repr": "Polo",
      "action_flag": 1,
      "change_message": "[{\"added\": {}}]"
    }
  },
  {
    "model": "admin.logentry",
    "pk": 5,
    "fields": {
      "action_time": "2019-08-27T15:13:15.791Z",
      "user": 1,
      "content_type": 12,
      "object_id": "37",
      "object_repr": "Caddy",
      "action_flag": 1,
      "change_message": "[{\"added\": {}}]"
    }
  },
  {
    "model": "admin.logentry",
    "pk": 6,
    "fields": {
      "action_time": "2019-08-27T15:13:37.659Z",
      "user": 1,
      "content_type": 12,
      "object_id": "38",
      "object_repr": "Passat",
      "action_flag": 1,
      "change_message": "[{\"added\": {}}]"
    }
  },
  {
    "model": "admin.logentry",
    "pk": 7,
    "fields": {
      "action_time": "2019-08-27T15:13:52.304Z",
      "user": 1,
      "content_type": 12,
      "object_id": "39",
      "object_repr": "Tiguan",
      "action_flag": 1,
      "change_message": "[{\"added\": {}}]"
    }
  },
  {
    "model": "admin.logentry",
    "pk": 8,
    "fields": {
      "action_time": "2019-08-27T15:17:23.804Z",
      "user": 1,
      "content_type": 10,
      "object_id": "start+",
      "object_repr": "start+",
      "action_flag": 1,
      "change_message": "[{\"added\": {}}]"
    }
  },
  {
    "model": "admin.logentry",
    "pk": 9,
    "fields": {
      "action_time": "2019-08-27T15:17:54.329Z",
      "user": 1,
      "content_type": 8,
      "object_id": "1",
      "object_repr": "Image object (1)",
      "action_flag": 1,
      "change_message": "[{\"added\": {}}]"
    }
  },
  {
    "model": "admin.logentry",
    "pk": 10,
    "fields": {
      "action_time": "2019-08-27T15:19:16.651Z",
      "user": 1,
      "content_type": 17,
      "object_id": "20",
      "object_repr": "Blanc Pur",
      "action_flag": 1,
      "change_message": "[{\"added\": {}}]"
    }
  },
  {
    "model": "admin.logentry",
    "pk": 11,
    "fields": {
      "action_time": "2019-08-27T15:19:28.813Z",
      "user": 1,
      "content_type": 18,
      "object_id": "1",
      "object_repr": "Blanc Pur",
      "action_flag": 1,
      "change_message": "[{\"added\": {}}]"
    }
  },
  {
    "model": "admin.logentry",
    "pk": 12,
    "fields": {
      "action_time": "2019-08-27T15:20:01.444Z",
      "user": 1,
      "content_type": 17,
      "object_id": "21",
      "object_repr": "White Silver",
      "action_flag": 1,
      "change_message": "[{\"added\": {}}]"
    }
  },
  {
    "model": "admin.logentry",
    "pk": 13,
    "fields": {
      "action_time": "2019-08-27T15:20:10.515Z",
      "user": 1,
      "content_type": 18,
      "object_id": "2",
      "object_repr": "White Silver",
      "action_flag": 1,
      "change_message": "[{\"added\": {}}]"
    }
  },
  {
    "model": "admin.logentry",
    "pk": 14,
    "fields": {
      "action_time": "2019-08-27T15:20:36.558Z",
      "user": 1,
      "content_type": 17,
      "object_id": "22",
      "object_repr": "Gris Tungsten",
      "action_flag": 1,
      "change_message": "[{\"added\": {}}]"
    }
  },
  {
    "model": "admin.logentry",
    "pk": 15,
    "fields": {
      "action_time": "2019-08-27T15:20:39.160Z",
      "user": 1,
      "content_type": 18,
      "object_id": "3",
      "object_repr": "Gris Tungsten",
      "action_flag": 1,
      "change_message": "[{\"added\": {}}]"
    }
  },
  {
    "model": "admin.logentry",
    "pk": 16,
    "fields": {
      "action_time": "2019-08-27T15:20:56.750Z",
      "user": 1,
      "content_type": 17,
      "object_id": "23",
      "object_repr": "Noir Intense",
      "action_flag": 1,
      "change_message": "[{\"added\": {}}]"
    }
  },
  {
    "model": "admin.logentry",
    "pk": 17,
    "fields": {
      "action_time": "2019-08-27T15:20:59.846Z",
      "user": 1,
      "content_type": 18,
      "object_id": "4",
      "object_repr": "Noir Intense",
      "action_flag": 1,
      "change_message": "[{\"added\": {}}]"
    }
  },
  {
    "model": "admin.logentry",
    "pk": 18,
    "fields": {
      "action_time": "2019-08-27T15:21:36.903Z",
      "user": 1,
      "content_type": 17,
      "object_id": "24",
      "object_repr": "Bleu Atlantique",
      "action_flag": 1,
      "change_message": "[{\"added\": {}}]"
    }
  },
  {
    "model": "admin.logentry",
    "pk": 19,
    "fields": {
      "action_time": "2019-08-27T15:21:39.164Z",
      "user": 1,
      "content_type": 18,
      "object_id": "5",
      "object_repr": "Bleu Atlantique",
      "action_flag": 1,
      "change_message": "[{\"added\": {}}]"
    }
  },
  {
    "model": "admin.logentry",
    "pk": 20,
    "fields": {
      "action_time": "2019-08-27T15:21:55.087Z",
      "user": 1,
      "content_type": 11,
      "object_id": "g7startp",
      "object_repr": "start+",
      "action_flag": 1,
      "change_message": "[{\"added\": {}}]"
    }
  },
  {
    "model": "admin.logentry",
    "pk": 21,
    "fields": {
      "action_time": "2019-08-27T15:24:32.268Z",
      "user": 1,
      "content_type": 10,
      "object_id": "g7memphis",
      "object_repr": "g7memphis",
      "action_flag": 1,
      "change_message": "[{\"added\": {}}]"
    }
  },
  {
    "model": "admin.logentry",
    "pk": 22,
    "fields": {
      "action_time": "2019-08-27T15:25:37.970Z",
      "user": 1,
      "content_type": 8,
      "object_id": "2",
      "object_repr": "Image object (2)",
      "action_flag": 1,
      "change_message": "[{\"added\": {}}]"
    }
  },
  {
    "model": "admin.logentry",
    "pk": 23,
    "fields": {
      "action_time": "2019-08-27T15:25:52.689Z",
      "user": 1,
      "content_type": 11,
      "object_id": "Memphis",
      "object_repr": "g7memphis",
      "action_flag": 1,
      "change_message": "[{\"added\": {}}]"
    }
  },
  {
    "model": "admin.logentry",
    "pk": 24,
    "fields": {
      "action_time": "2019-08-27T15:27:17Z",
      "user": 1,
      "content_type": 10,
      "object_id": "Memphis",
      "object_repr": "Memphis",
      "action_flag": 2,
      "change_message": "[{\"changed\": {\"fields\": [\"nom\"]}}]"
    }
  },
  {
    "model": "admin.logentry",
    "pk": 25,
    "fields": {
      "action_time": "2019-08-27T15:27:24.167Z",
      "user": 1,
      "content_type": 11,
      "object_id": "g7memphis",
      "object_repr": "Memphis",
      "action_flag": 2,
      "change_message": "[{\"changed\": {\"fields\": [\"code\", \"ref\"]}}]"
    }
  },
  {
    "model": "admin.logentry",
    "pk": 26,
    "fields": {
      "action_time": "2019-08-27T15:28:09.735Z",
      "user": 1,
      "content_type": 11,
      "object_id": "Memphis",
      "object_repr": "g7memphis",
      "action_flag": 3,
      "change_message": ""
    }
  },
  {
    "model": "admin.logentry",
    "pk": 27,
    "fields": {
      "action_time": "2019-08-27T15:33:07.280Z",
      "user": 1,
      "content_type": 10,
      "object_id": "Tech Vision",
      "object_repr": "Tech Vision",
      "action_flag": 1,
      "change_message": "[{\"added\": {}}]"
    }
  },
  {
    "model": "admin.logentry",
    "pk": 28,
    "fields": {
      "action_time": "2019-08-27T15:33:31.557Z",
      "user": 1,
      "content_type": 8,
      "object_id": "3",
      "object_repr": "Image object (3)",
      "action_flag": 1,
      "change_message": "[{\"added\": {}}]"
    }
  },
  {
    "model": "admin.logentry",
    "pk": 29,
    "fields": {
      "action_time": "2019-08-27T15:34:03.197Z",
      "user": 1,
      "content_type": 20,
      "object_id": "208to",
      "object_repr": "Toit ouvrant",
      "action_flag": 1,
      "change_message": "[{\"added\": {}}]"
    }
  },
  {
    "model": "admin.logentry",
    "pk": 30,
    "fields": {
      "action_time": "2019-08-27T15:48:54.151Z",
      "user": 1,
      "content_type": 27,
      "object_id": "2",
      "object_repr": "FicheTechnique object (2)",
      "action_flag": 1,
      "change_message": "[{\"added\": {}}]"
    }
  },
  {
    "model": "admin.logentry",
    "pk": 31,
    "fields": {
      "action_time": "2019-08-27T15:49:27.684Z",
      "user": 1,
      "content_type": 18,
      "object_id": "6",
      "object_repr": "Gris",
      "action_flag": 1,
      "change_message": "[{\"added\": {}}]"
    }
  },
  {
    "model": "admin.logentry",
    "pk": 32,
    "fields": {
      "action_time": "2019-08-27T15:49:30.523Z",
      "user": 1,
      "content_type": 11,
      "object_id": "208techvision",
      "object_repr": "Tech Vision",
      "action_flag": 1,
      "change_message": "[{\"added\": {}}]"
    }
  },
  {
    "model": "admin.logentry",
    "pk": 33,
    "fields": {
      "action_time": "2019-08-27T22:14:32.295Z",
      "user": 1,
      "content_type": 12,
      "object_id": "40",
      "object_repr": "Micra",
      "action_flag": 1,
      "change_message": "[{\"added\": {}}]"
    }
  },
  {
    "model": "admin.logentry",
    "pk": 34,
    "fields": {
      "action_time": "2019-08-27T22:14:37.093Z",
      "user": 1,
      "content_type": 13,
      "object_id": "7",
      "object_repr": "Micra",
      "action_flag": 1,
      "change_message": "[{\"added\": {}}]"
    }
  },
  {
    "model": "admin.logentry",
    "pk": 35,
    "fields": {
      "action_time": "2019-08-27T22:14:56.875Z",
      "user": 1,
      "content_type": 12,
      "object_id": "41",
      "object_repr": "Sunny",
      "action_flag": 1,
      "change_message": "[{\"added\": {}}]"
    }
  },
  {
    "model": "admin.logentry",
    "pk": 36,
    "fields": {
      "action_time": "2019-08-27T22:14:59.090Z",
      "user": 1,
      "content_type": 13,
      "object_id": "8",
      "object_repr": "Sunny",
      "action_flag": 1,
      "change_message": "[{\"added\": {}}]"
    }
  },
  {
    "model": "admin.logentry",
    "pk": 37,
    "fields": {
      "action_time": "2019-08-27T22:16:41.382Z",
      "user": 1,
      "content_type": 10,
      "object_id": "Visia",
      "object_repr": "Visia",
      "action_flag": 1,
      "change_message": "[{\"added\": {}}]"
    }
  },
  {
    "model": "admin.logentry",
    "pk": 38,
    "fields": {
      "action_time": "2019-08-27T22:16:50.341Z",
      "user": 1,
      "content_type": 10,
      "object_id": "Visia +",
      "object_repr": "Visia +",
      "action_flag": 2,
      "change_message": "[{\"changed\": {\"fields\": [\"nom\"]}}]"
    }
  },
  {
    "model": "admin.logentry",
    "pk": 39,
    "fields": {
      "action_time": "2019-08-27T22:22:39.452Z",
      "user": 1,
      "content_type": 27,
      "object_id": "3",
      "object_repr": "FicheTechnique object (3)",
      "action_flag": 1,
      "change_message": "[{\"added\": {}}]"
    }
  },
  {
    "model": "admin.logentry",
    "pk": 40,
    "fields": {
      "action_time": "2019-08-27T22:23:10.037Z",
      "user": 1,
      "content_type": 18,
      "object_id": "7",
      "object_repr": "Blanc",
      "action_flag": 1,
      "change_message": "[{\"added\": {}}]"
    }
  },
  {
    "model": "admin.logentry",
    "pk": 41,
    "fields": {
      "action_time": "2019-08-27T22:23:26.261Z",
      "user": 1,
      "content_type": 18,
      "object_id": "8",
      "object_repr": "Gris",
      "action_flag": 1,
      "change_message": "[{\"added\": {}}]"
    }
  },
  {
    "model": "admin.logentry",
    "pk": 42,
    "fields": {
      "action_time": "2019-08-27T22:24:02.146Z",
      "user": 1,
      "content_type": 8,
      "object_id": "4",
      "object_repr": "Image object (4)",
      "action_flag": 1,
      "change_message": "[{\"added\": {}}]"
    }
  },
  {
    "model": "admin.logentry",
    "pk": 43,
    "fields": {
      "action_time": "2019-08-27T22:24:05.248Z",
      "user": 1,
      "content_type": 11,
      "object_id": "micravisia",
      "object_repr": "Visia +",
      "action_flag": 1,
      "change_message": "[{\"added\": {}}]"
    }
  },
  {
    "model": "admin.logentry",
    "pk": 44,
    "fields": {
      "action_time": "2019-08-27T22:24:23.907Z",
      "user": 1,
      "content_type": 10,
      "object_id": "Visia+",
      "object_repr": "Visia+",
      "action_flag": 2,
      "change_message": "[{\"changed\": {\"fields\": [\"nom\"]}}]"
    }
  },
  {
    "model": "admin.logentry",
    "pk": 45,
    "fields": {
      "action_time": "2019-08-27T22:24:25.238Z",
      "user": 1,
      "content_type": 11,
      "object_id": "micravisia",
      "object_repr": "Visia+",
      "action_flag": 2,
      "change_message": "[{\"changed\": {\"fields\": [\"ref\"]}}]"
    }
  },
  {
    "model": "admin.logentry",
    "pk": 46,
    "fields": {
      "action_time": "2019-08-27T22:25:58.710Z",
      "user": 1,
      "content_type": 10,
      "object_id": "Visia +",
      "object_repr": "Visia +",
      "action_flag": 3,
      "change_message": ""
    }
  },
  {
    "model": "admin.logentry",
    "pk": 47,
    "fields": {
      "action_time": "2019-08-27T22:26:47.660Z",
      "user": 1,
      "content_type": 8,
      "object_id": "5",
      "object_repr": "Image object (5)",
      "action_flag": 1,
      "change_message": "[{\"added\": {}}]"
    }
  },
  {
    "model": "admin.logentry",
    "pk": 48,
    "fields": {
      "action_time": "2019-08-27T22:28:49.697Z",
      "user": 1,
      "content_type": 27,
      "object_id": "4",
      "object_repr": "FicheTechnique object (4)",
      "action_flag": 1,
      "change_message": "[{\"added\": {}}]"
    }
  },
  {
    "model": "admin.logentry",
    "pk": 49,
    "fields": {
      "action_time": "2019-08-27T22:30:09.626Z",
      "user": 1,
      "content_type": 18,
      "object_id": "9",
      "object_repr": "Blanc",
      "action_flag": 1,
      "change_message": "[{\"added\": {}}]"
    }
  },
  {
    "model": "admin.logentry",
    "pk": 50,
    "fields": {
      "action_time": "2019-08-27T22:30:28.783Z",
      "user": 1,
      "content_type": 18,
      "object_id": "10",
      "object_repr": "Gris",
      "action_flag": 1,
      "change_message": "[{\"added\": {}}]"
    }
  },
  {
    "model": "admin.logentry",
    "pk": 51,
    "fields": {
      "action_time": "2019-08-27T22:30:35.935Z",
      "user": 1,
      "content_type": 11,
      "object_id": "sunnyvisia",
      "object_repr": "Visia",
      "action_flag": 1,
      "change_message": "[{\"added\": {}}]"
    }
  },
  {
    "model": "admin.logentry",
    "pk": 52,
    "fields": {
      "action_time": "2019-08-29T12:47:31.550Z",
      "user": 1,
      "content_type": 22,
      "object_id": "1",
      "object_repr": "0000032654987987564261045",
      "action_flag": 1,
      "change_message": "[{\"added\": {}}]"
    }
  },
  {
    "model": "admin.logentry",
    "pk": 53,
    "fields": {
      "action_time": "2019-08-29T12:47:53.017Z",
      "user": 1,
      "content_type": 22,
      "object_id": "2",
      "object_repr": "0000032654987987564261044",
      "action_flag": 1,
      "change_message": "[{\"added\": {}}]"
    }
  },
  {
    "model": "admin.logentry",
    "pk": 54,
    "fields": {
      "action_time": "2019-08-29T12:48:13.290Z",
      "user": 1,
      "content_type": 22,
      "object_id": "3",
      "object_repr": "0000032654987987564261043",
      "action_flag": 1,
      "change_message": "[{\"added\": {}}]"
    }
  },
  {
    "model": "admin.logentry",
    "pk": 55,
    "fields": {
      "action_time": "2019-08-29T12:49:32.216Z",
      "user": 1,
      "content_type": 10,
      "object_id": "Carat",
      "object_repr": "Carat",
      "action_flag": 1,
      "change_message": "[{\"added\": {}}]"
    }
  },
  {
    "model": "admin.logentry",
    "pk": 56,
    "fields": {
      "action_time": "2019-08-29T12:49:53.284Z",
      "user": 1,
      "content_type": 21,
      "object_id": "1",
      "object_repr": "VehiculeOccasion object (1)",
      "action_flag": 1,
      "change_message": "[{\"added\": {}}]"
    }
  },
  {
    "model": "admin.logentry",
    "pk": 57,
    "fields": {
      "action_time": "2019-08-29T12:50:22.939Z",
      "user": 1,
      "content_type": 4,
      "object_id": "3",
      "object_repr": "automobiliste1",
      "action_flag": 1,
      "change_message": "[{\"added\": {}}, {\"added\": {\"name\": \"profile\", \"object\": \"automobiliste1\"}}]"
    }
  },
  {
    "model": "admin.logentry",
    "pk": 58,
    "fields": {
      "action_time": "2019-08-29T12:50:26.602Z",
      "user": 1,
      "content_type": 14,
      "object_id": "1",
      "object_repr": "passat 2009",
      "action_flag": 1,
      "change_message": "[{\"added\": {}}]"
    }
  },
  {
    "model": "admin.logentry",
    "pk": 59,
    "fields": {
      "action_time": "2019-08-29T12:51:27.039Z",
      "user": 1,
      "content_type": 21,
      "object_id": "2",
      "object_repr": "VehiculeOccasion object (2)",
      "action_flag": 1,
      "change_message": "[{\"added\": {}}]"
    }
  },
  {
    "model": "admin.logentry",
    "pk": 60,
    "fields": {
      "action_time": "2019-08-29T12:51:49.487Z",
      "user": 1,
      "content_type": 4,
      "object_id": "4",
      "object_repr": "automobiliste2",
      "action_flag": 1,
      "change_message": "[{\"added\": {}}, {\"added\": {\"name\": \"profile\", \"object\": \"automobiliste2\"}}]"
    }
  },
  {
    "model": "admin.logentry",
    "pk": 61,
    "fields": {
      "action_time": "2019-08-29T12:51:51.145Z",
      "user": 1,
      "content_type": 14,
      "object_id": "2",
      "object_repr": "Tiguan",
      "action_flag": 1,
      "change_message": "[{\"added\": {}}]"
    }
  },
  {
    "model": "admin.logentry",
    "pk": 62,
    "fields": {
      "action_time": "2019-08-29T12:52:37.215Z",
      "user": 1,
      "content_type": 15,
      "object_id": "4",
      "object_repr": "VW-FAB",
      "action_flag": 1,
      "change_message": "[{\"added\": {}}]"
    }
  },
  {
    "model": "admin.logentry",
    "pk": 63,
    "fields": {
      "action_time": "2019-08-29T12:52:39.638Z",
      "user": 1,
      "content_type": 4,
      "object_id": "5",
      "object_repr": "uservw1",
      "action_flag": 1,
      "change_message": "[{\"added\": {}}, {\"added\": {\"name\": \"profile\", \"object\": \"VW-FAB\"}}]"
    }
  }
]